{"stats":{"minecraft:dropped":{"minecraft:cobblestone":148,"minecraft:glowstone_dust":7,"minecraft:azure_bluet":3,"minecraft:warped_planks":1,"minecraft:stick":1,"minecraft:dirt":105,"minecraft:quartz":14,"minecraft:bucket":1},"minecraft:killed":{"minecraft:spider":2,"minecraft:creeper":1,"minecraft:zombie":3,"minecraft:enderman":2},"minecraft:mined":{"minecraft:brown_mushroom":6,"minecraft:oak_sapling":1,"minecraft:crimson_nylium":1,"minecraft:dandelion":6,"minecraft:grass_block":88,"minecraft:poppy":3,"minecraft:chest":1,"minecraft:horn_coral_fan":1,"minecraft:nether_quartz_ore":19,"minecraft:tall_grass":9,"minecraft:cobblestone":141,"minecraft:oxeye_daisy":7,"minecraft:glowstone":17,"minecraft:nether_sprouts":1,"minecraft:iron_ore":6,"minecraft:wheat":4,"minecraft:fire":8,"minecraft:azure_bluet":4,"minecraft:grass":35,"minecraft:oak_log":8,"minecraft:coal_ore":9,"minecraft:cobblestone_slab":3,"minecraft:warped_stem":46,"minecraft:gravel":11,"minecraft:sand":13,"minecraft:dirt":142,"minecraft:stone":306,"minecraft:netherrack":293,"minecraft:oak_leaves":23},"minecraft:used":{"minecraft:wheat_seeds":19,"minecraft:water_bucket":2,"minecraft:stone_sword":44,"minecraft:stone_shovel":137,"minecraft:stone_pickaxe":739,"minecraft:poppy":2,"minecraft:oak_planks":2,"minecraft:chest":4,"minecraft:wooden_pickaxe":60,"minecraft:cobblestone_slab":45,"minecraft:rotten_flesh":1,"minecraft:netherrack":180,"minecraft:warped_wart_block":23,"minecraft:dirt":120,"minecraft:warped_planks":59,"minecraft:lava_bucket":1,"minecraft:oxeye_daisy":1,"minecraft:bread":5,"minecraft:warped_slab":61,"minecraft:warped_nylium":2,"minecraft:stone_axe":57,"minecraft:glowstone":11,"minecraft:cobblestone":46,"minecraft:furnace":1,"minecraft:oak_sapling":3,"minecraft:bucket":2},"minecraft:crafted":{"minecraft:oak_planks":24,"minecraft:cobblestone_slab":66,"minecraft:stone_shovel":2,"minecraft:furnace":1,"minecraft:stone_axe":1,"minecraft:glowstone":11,"minecraft:bread":1,"minecraft:warped_planks":200,"minecraft:stick":8,"minecraft:warped_slab":246,"minecraft:stone_pickaxe":7,"minecraft:stone_sword":2,"minecraft:chest":3,"minecraft:golden_helmet":1},"minecraft:custom":{"minecraft:interact_with_furnace":1,"minecraft:mob_kills":8,"minecraft:interact_with_crafting_table":27,"minecraft:play_one_minute":159735,"minecraft:leave_game":2,"minecraft:time_since_death":7569,"minecraft:climb_one_cm":2411,"minecraft:time_since_rest":7604,"minecraft:sprint_one_cm":72717,"minecraft:damage_taken":880,"minecraft:walk_one_cm":875752,"minecraft:drop":24,"minecraft:damage_dealt":1937,"minecraft:fly_one_cm":54541,"minecraft:open_chest":82,"minecraft:crouch_one_cm":65509,"minecraft:deaths":3,"minecraft:sneak_time":16897,"minecraft:walk_under_water_one_cm":1515,"minecraft:jump":1076,"minecraft:walk_on_water_one_cm":6442,"minecraft:fall_one_cm":8909},"minecraft:picked_up":{"minecraft:charcoal":5,"minecraft:wheat":5,"minecraft:feather":14,"minecraft:azure_bluet":7,"minecraft:ladder":2,"minecraft:crimson_stem":7,"minecraft:brown_mushroom":5,"minecraft:wooden_pickaxe":2,"minecraft:flint":2,"minecraft:oak_log":12,"minecraft:lily_pad":1,"minecraft:warped_stairs":2,"minecraft:string":1,"minecraft:dirt":260,"minecraft:bone":3,"minecraft:warped_fence":2,"minecraft:apple":4,"minecraft:wheat_seeds":16,"minecraft:gold_nugget":36,"minecraft:warped_stem":50,"minecraft:stone_pickaxe":1,"minecraft:iron_ore":6,"minecraft:warped_slab":14,"minecraft:cobblestone_slab":46,"minecraft:fletching_table":1,"minecraft:poppy":4,"minecraft:glowstone_dust":51,"minecraft:chest":1,"minecraft:oak_planks":36,"minecraft:egg":1,"minecraft:stick":7,"minecraft:warped_wart_block":27,"minecraft:quartz":19,"minecraft:dandelion":13,"minecraft:gravel":16,"minecraft:crimson_stairs":1,"minecraft:sand":21,"minecraft:warped_planks":8,"minecraft:spider_eye":1,"minecraft:stone_shovel":1,"minecraft:rotten_flesh":3,"minecraft:beetroot_seeds":2,"minecraft:stone_axe":1,"minecraft:golden_apple":1,"minecraft:bread":4,"minecraft:oak_sapling":4,"minecraft:warped_nylium":2,"minecraft:netherrack":339,"minecraft:coal":9,"minecraft:cobblestone":581,"minecraft:oxeye_daisy":7},"minecraft:broken":{"minecraft:stone_pickaxe":6,"minecraft:stone_shovel":1,"minecraft:wooden_pickaxe":1}},"DataVersion":2586}