{"stats":{"minecraft:dropped":{"minecraft:cobblestone":18,"minecraft:bucket":1,"minecraft:stick":1},"minecraft:mined":{"minecraft:oak_sapling":1,"minecraft:fire":3,"minecraft:dandelion":6,"minecraft:azure_bluet":4,"minecraft:grass":35,"minecraft:grass_block":70,"minecraft:poppy":3,"minecraft:cobblestone_slab":3,"minecraft:dirt":34,"minecraft:sand":1,"minecraft:horn_coral_fan":1,"minecraft:tall_grass":9,"minecraft:cobblestone":139,"minecraft:stone":18,"minecraft:netherrack":16,"minecraft:oxeye_daisy":7,"minecraft:oak_leaves":21},"minecraft:used":{"minecraft:wheat_seeds":8,"minecraft:water_bucket":2,"minecraft:lava_bucket":1,"minecraft:oxeye_daisy":1,"minecraft:oak_planks":2,"minecraft:bread":2,"minecraft:stone_pickaxe":131,"minecraft:poppy":1,"minecraft:wooden_pickaxe":50,"minecraft:cobblestone_slab":38,"minecraft:netherrack":1,"minecraft:dirt":117,"minecraft:cobblestone":22,"minecraft:oak_sapling":3,"minecraft:bucket":2},"minecraft:crafted":{"minecraft:cobblestone_slab":66,"minecraft:stone_pickaxe":1,"minecraft:stone_sword":1,"minecraft:stone_axe":1},"minecraft:custom":{"minecraft:time_since_rest":59016,"minecraft:sprint_one_cm":11109,"minecraft:damage_taken":90,"minecraft:walk_one_cm":275422,"minecraft:drop":3,"minecraft:damage_dealt":10,"minecraft:interact_with_crafting_table":9,"minecraft:fly_one_cm":3901,"minecraft:open_chest":29,"minecraft:crouch_one_cm":22530,"minecraft:play_one_minute":59016,"minecraft:sneak_time":4971,"minecraft:jump":284,"minecraft:leave_game":1,"minecraft:time_since_death":59016,"minecraft:walk_on_water_one_cm":2311,"minecraft:climb_one_cm":1753,"minecraft:fall_one_cm":1794},"minecraft:picked_up":{"minecraft:stick":1,"minecraft:azure_bluet":4,"minecraft:warped_wart_block":1,"minecraft:dandelion":6,"minecraft:sand":1,"minecraft:dirt":149,"minecraft:wheat_seeds":5,"minecraft:poppy":3,"minecraft:cobblestone_slab":8,"minecraft:bread":4,"minecraft:oak_sapling":3,"minecraft:netherrack":16,"minecraft:cobblestone":128,"minecraft:oxeye_daisy":7},"minecraft:broken":{"minecraft:stone_pickaxe":1}},"DataVersion":2586}