{"stats":{"minecraft:dropped":{"minecraft:cobblestone":18,"minecraft:stick":1,"minecraft:bucket":1},"minecraft:killed":{"minecraft:spider":1,"minecraft:zombie":1},"minecraft:mined":{"minecraft:oak_sapling":1,"minecraft:dandelion":6,"minecraft:grass_block":70,"minecraft:poppy":3,"minecraft:horn_coral_fan":1,"minecraft:nether_quartz_ore":5,"minecraft:cobblestone":140,"minecraft:tall_grass":9,"minecraft:oxeye_daisy":7,"minecraft:fire":3,"minecraft:azure_bluet":4,"minecraft:grass":35,"minecraft:cobblestone_slab":3,"minecraft:sand":1,"minecraft:dirt":34,"minecraft:stone":18,"minecraft:netherrack":142,"minecraft:oak_leaves":21},"minecraft:used":{"minecraft:wheat_seeds":8,"minecraft:water_bucket":2,"minecraft:stone_sword":9,"minecraft:stone_pickaxe":263,"minecraft:poppy":1,"minecraft:oak_planks":2,"minecraft:wooden_pickaxe":50,"minecraft:cobblestone_slab":38,"minecraft:netherrack":32,"minecraft:dirt":117,"minecraft:lava_bucket":1,"minecraft:oxeye_daisy":1,"minecraft:bread":3,"minecraft:cobblestone":22,"minecraft:oak_sapling":3,"minecraft:bucket":2},"minecraft:crafted":{"minecraft:cobblestone_slab":66,"minecraft:stone_axe":1,"minecraft:stone_pickaxe":2,"minecraft:stone_sword":1},"minecraft:custom":{"minecraft:mob_kills":2,"minecraft:interact_with_crafting_table":10,"minecraft:play_one_minute":71016,"minecraft:leave_game":1,"minecraft:time_since_death":71016,"minecraft:climb_one_cm":1753,"minecraft:time_since_rest":71016,"minecraft:sprint_one_cm":17863,"minecraft:damage_taken":210,"minecraft:walk_one_cm":324507,"minecraft:drop":3,"minecraft:damage_dealt":369,"minecraft:fly_one_cm":13536,"minecraft:open_chest":34,"minecraft:crouch_one_cm":28309,"minecraft:sneak_time":6417,"minecraft:jump":352,"minecraft:walk_on_water_one_cm":3253,"minecraft:fall_one_cm":1794},"minecraft:picked_up":{"minecraft:charcoal":5,"minecraft:azure_bluet":7,"minecraft:feather":7,"minecraft:ladder":2,"minecraft:crimson_stem":7,"minecraft:oak_log":4,"minecraft:lily_pad":1,"minecraft:warped_stairs":2,"minecraft:dirt":150,"minecraft:bone":3,"minecraft:warped_fence":2,"minecraft:apple":4,"minecraft:wheat_seeds":5,"minecraft:gold_nugget":36,"minecraft:warped_stem":7,"minecraft:stone_pickaxe":1,"minecraft:cobblestone_slab":12,"minecraft:warped_slab":2,"minecraft:poppy":4,"minecraft:fletching_table":1,"minecraft:oak_planks":10,"minecraft:egg":1,"minecraft:stick":7,"minecraft:warped_wart_block":24,"minecraft:quartz":5,"minecraft:dandelion":13,"minecraft:sand":9,"minecraft:crimson_stairs":1,"minecraft:warped_planks":8,"minecraft:rotten_flesh":1,"minecraft:golden_apple":1,"minecraft:bread":4,"minecraft:oak_sapling":3,"minecraft:netherrack":134,"minecraft:cobblestone":129,"minecraft:oxeye_daisy":7},"minecraft:broken":{"minecraft:stone_pickaxe":2}},"DataVersion":2586}