{"stats":{"minecraft:used":{"minecraft:water_bucket":2,"minecraft:lava_bucket":1,"minecraft:dirt":116,"minecraft:oxeye_daisy":1,"minecraft:oak_sapling":3,"minecraft:oak_planks":1,"minecraft:bucket":2,"minecraft:wooden_pickaxe":17},"minecraft:picked_up":{"minecraft:stick":1,"minecraft:azure_bluet":4,"minecraft:wheat_seeds":5,"minecraft:dandelion":6,"minecraft:poppy":3,"minecraft:oak_sapling":3,"minecraft:dirt":127,"minecraft:cobblestone":14,"minecraft:oxeye_daisy":7},"minecraft:dropped":{"minecraft:stick":1},"minecraft:mined":{"minecraft:grass":35,"minecraft:grass_block":51,"minecraft:poppy":3,"minecraft:oak_sapling":1,"minecraft:dirt":32,"minecraft:horn_coral_fan":1,"minecraft:cobblestone":16,"minecraft:tall_grass":9,"minecraft:stone":1,"minecraft:dandelion":6,"minecraft:oxeye_daisy":7,"minecraft:oak_leaves":21,"minecraft:azure_bluet":4},"minecraft:custom":{"minecraft:time_since_rest":35783,"minecraft:open_chest":20,"minecraft:damage_taken":30,"minecraft:crouch_one_cm":15577,"minecraft:play_one_minute":35783,"minecraft:sprint_one_cm":4171,"minecraft:walk_one_cm":158407,"minecraft:sneak_time":2947,"minecraft:drop":1,"minecraft:jump":116,"minecraft:leave_game":1,"minecraft:time_since_death":35783,"minecraft:walk_on_water_one_cm":1405,"minecraft:interact_with_crafting_table":2,"minecraft:fall_one_cm":1109,"minecraft:fly_one_cm":2515}},"DataVersion":2586}