{"stats":{"minecraft:used":{"minecraft:dirt":27,"minecraft:oxeye_daisy":1,"minecraft:oak_sapling":3},"minecraft:picked_up":{"minecraft:stick":1,"minecraft:azure_bluet":4,"minecraft:wheat_seeds":5,"minecraft:dandelion":6,"minecraft:poppy":3,"minecraft:oak_sapling":3,"minecraft:dirt":37,"minecraft:oxeye_daisy":7},"minecraft:mined":{"minecraft:grass":35,"minecraft:grass_block":26,"minecraft:poppy":3,"minecraft:oak_sapling":1,"minecraft:dirt":3,"minecraft:horn_coral_fan":1,"minecraft:tall_grass":9,"minecraft:dandelion":6,"minecraft:oxeye_daisy":7,"minecraft:oak_leaves":21,"minecraft:azure_bluet":4},"minecraft:custom":{"minecraft:time_since_rest":23783,"minecraft:open_chest":13,"minecraft:crouch_one_cm":3120,"minecraft:play_one_minute":23783,"minecraft:sprint_one_cm":369,"minecraft:walk_one_cm":96056,"minecraft:sneak_time":690,"minecraft:jump":71,"minecraft:leave_game":1,"minecraft:time_since_death":23783,"minecraft:walk_on_water_one_cm":1031,"minecraft:fall_one_cm":627,"minecraft:fly_one_cm":211}},"DataVersion":2586}