{"stats":{"minecraft:used":{"minecraft:water_bucket":2,"minecraft:lava_bucket":1,"minecraft:oxeye_daisy":1,"minecraft:bread":1,"minecraft:stone_pickaxe":96,"minecraft:poppy":1,"minecraft:oak_planks":2,"minecraft:wooden_pickaxe":50,"minecraft:cobblestone_slab":1,"minecraft:dirt":117,"minecraft:cobblestone":15,"minecraft:oak_sapling":3,"minecraft:bucket":2},"minecraft:picked_up":{"minecraft:stick":1,"minecraft:azure_bluet":4,"minecraft:dandelion":6,"minecraft:sand":1,"minecraft:dirt":128,"minecraft:wheat_seeds":5,"minecraft:bread":4,"minecraft:cobblestone_slab":2,"minecraft:poppy":3,"minecraft:oak_sapling":3,"minecraft:cobblestone":111,"minecraft:oxeye_daisy":7},"minecraft:dropped":{"minecraft:cobblestone":18,"minecraft:bucket":1,"minecraft:stick":1},"minecraft:crafted":{"minecraft:cobblestone_slab":18,"minecraft:stone_pickaxe":1,"minecraft:stone_sword":1,"minecraft:stone_axe":1},"minecraft:mined":{"minecraft:oak_sapling":1,"minecraft:fire":3,"minecraft:dandelion":6,"minecraft:azure_bluet":4,"minecraft:grass":35,"minecraft:grass_block":51,"minecraft:poppy":3,"minecraft:cobblestone_slab":2,"minecraft:sand":1,"minecraft:horn_coral_fan":1,"minecraft:dirt":33,"minecraft:tall_grass":9,"minecraft:cobblestone":138,"minecraft:stone":1,"minecraft:oxeye_daisy":7,"minecraft:oak_leaves":21},"minecraft:custom":{"minecraft:time_since_rest":47783,"minecraft:sprint_one_cm":6510,"minecraft:damage_taken":80,"minecraft:walk_one_cm":196389,"minecraft:drop":3,"minecraft:damage_dealt":10,"minecraft:interact_with_crafting_table":7,"minecraft:fly_one_cm":2674,"minecraft:open_chest":27,"minecraft:play_one_minute":47783,"minecraft:crouch_one_cm":17530,"minecraft:sneak_time":3303,"minecraft:jump":221,"minecraft:leave_game":1,"minecraft:walk_on_water_one_cm":2311,"minecraft:time_since_death":47783,"minecraft:fall_one_cm":1318}},"DataVersion":2586}