{"stats":{"minecraft:dropped":{"minecraft:cobblestone":18,"minecraft:stick":1,"minecraft:bucket":1},"minecraft:killed":{"minecraft:spider":2,"minecraft:creeper":1,"minecraft:zombie":1},"minecraft:mined":{"minecraft:oak_sapling":1,"minecraft:crimson_nylium":1,"minecraft:dandelion":6,"minecraft:grass_block":70,"minecraft:poppy":3,"minecraft:horn_coral_fan":1,"minecraft:nether_quartz_ore":16,"minecraft:cobblestone":140,"minecraft:tall_grass":9,"minecraft:oxeye_daisy":7,"minecraft:glowstone":15,"minecraft:fire":6,"minecraft:azure_bluet":4,"minecraft:grass":35,"minecraft:cobblestone_slab":3,"minecraft:sand":1,"minecraft:dirt":34,"minecraft:stone":18,"minecraft:netherrack":146,"minecraft:oak_leaves":21},"minecraft:used":{"minecraft:wheat_seeds":8,"minecraft:water_bucket":2,"minecraft:stone_sword":20,"minecraft:stone_pickaxe":294,"minecraft:poppy":1,"minecraft:oak_planks":2,"minecraft:chest":1,"minecraft:wooden_pickaxe":50,"minecraft:cobblestone_slab":44,"minecraft:netherrack":65,"minecraft:dirt":117,"minecraft:lava_bucket":1,"minecraft:oxeye_daisy":1,"minecraft:bread":4,"minecraft:cobblestone":22,"minecraft:oak_sapling":3,"minecraft:bucket":2},"minecraft:crafted":{"minecraft:cobblestone_slab":66,"minecraft:stone_axe":1,"minecraft:stone_pickaxe":2,"minecraft:stone_sword":1,"minecraft:chest":1},"minecraft:custom":{"minecraft:mob_kills":4,"minecraft:interact_with_crafting_table":11,"minecraft:play_one_minute":83016,"minecraft:leave_game":1,"minecraft:time_since_death":83016,"minecraft:climb_one_cm":1753,"minecraft:time_since_rest":83016,"minecraft:sprint_one_cm":23448,"minecraft:damage_taken":280,"minecraft:walk_one_cm":401963,"minecraft:drop":3,"minecraft:damage_dealt":877,"minecraft:fly_one_cm":19514,"minecraft:open_chest":40,"minecraft:crouch_one_cm":31741,"minecraft:sneak_time":7226,"minecraft:jump":420,"minecraft:walk_on_water_one_cm":3489,"minecraft:fall_one_cm":2411},"minecraft:picked_up":{"minecraft:charcoal":5,"minecraft:azure_bluet":7,"minecraft:feather":7,"minecraft:ladder":2,"minecraft:crimson_stem":7,"minecraft:wooden_pickaxe":1,"minecraft:oak_log":4,"minecraft:lily_pad":1,"minecraft:warped_stairs":2,"minecraft:dirt":150,"minecraft:bone":3,"minecraft:warped_fence":2,"minecraft:apple":4,"minecraft:wheat_seeds":5,"minecraft:gold_nugget":36,"minecraft:warped_stem":7,"minecraft:stone_pickaxe":1,"minecraft:cobblestone_slab":12,"minecraft:warped_slab":2,"minecraft:poppy":4,"minecraft:fletching_table":1,"minecraft:glowstone_dust":44,"minecraft:oak_planks":10,"minecraft:egg":1,"minecraft:stick":7,"minecraft:warped_wart_block":24,"minecraft:quartz":16,"minecraft:dandelion":13,"minecraft:sand":9,"minecraft:crimson_stairs":1,"minecraft:warped_planks":8,"minecraft:spider_eye":1,"minecraft:rotten_flesh":1,"minecraft:golden_apple":1,"minecraft:bread":4,"minecraft:oak_sapling":3,"minecraft:netherrack":137,"minecraft:cobblestone":129,"minecraft:oxeye_daisy":7},"minecraft:broken":{"minecraft:stone_pickaxe":2}},"DataVersion":2586}