{"stats":{"minecraft:dropped":{"minecraft:cobblestone":30,"minecraft:azure_bluet":3,"minecraft:warped_planks":1,"minecraft:stick":1,"minecraft:dirt":93,"minecraft:quartz":14,"minecraft:bucket":1},"minecraft:killed":{"minecraft:spider":2,"minecraft:creeper":1,"minecraft:zombie":1,"minecraft:enderman":2},"minecraft:mined":{"minecraft:brown_mushroom":6,"minecraft:oak_sapling":1,"minecraft:crimson_nylium":1,"minecraft:dandelion":6,"minecraft:grass_block":80,"minecraft:poppy":3,"minecraft:chest":1,"minecraft:horn_coral_fan":1,"minecraft:nether_quartz_ore":19,"minecraft:cobblestone":141,"minecraft:tall_grass":9,"minecraft:oxeye_daisy":7,"minecraft:glowstone":17,"minecraft:iron_ore":1,"minecraft:nether_sprouts":1,"minecraft:wheat":4,"minecraft:fire":6,"minecraft:azure_bluet":4,"minecraft:grass":35,"minecraft:cobblestone_slab":3,"minecraft:warped_stem":46,"minecraft:gravel":11,"minecraft:sand":10,"minecraft:dirt":142,"minecraft:stone":90,"minecraft:netherrack":161,"minecraft:oak_leaves":21},"minecraft:used":{"minecraft:wheat_seeds":19,"minecraft:water_bucket":2,"minecraft:stone_sword":35,"minecraft:stone_shovel":125,"minecraft:stone_pickaxe":377,"minecraft:poppy":2,"minecraft:oak_planks":2,"minecraft:chest":2,"minecraft:wooden_pickaxe":60,"minecraft:cobblestone_slab":44,"minecraft:rotten_flesh":1,"minecraft:netherrack":131,"minecraft:warped_wart_block":23,"minecraft:dirt":120,"minecraft:warped_planks":41,"minecraft:lava_bucket":1,"minecraft:oxeye_daisy":1,"minecraft:warped_slab":5,"minecraft:bread":5,"minecraft:warped_nylium":1,"minecraft:stone_axe":47,"minecraft:glowstone":11,"minecraft:cobblestone":22,"minecraft:oak_sapling":3,"minecraft:bucket":2},"minecraft:crafted":{"minecraft:cobblestone_slab":66,"minecraft:stone_shovel":1,"minecraft:stone_axe":1,"minecraft:glowstone":11,"minecraft:bread":1,"minecraft:warped_planks":200,"minecraft:warped_slab":126,"minecraft:stone_pickaxe":3,"minecraft:stone_sword":1,"minecraft:chest":3},"minecraft:custom":{"minecraft:mob_kills":6,"minecraft:interact_with_crafting_table":19,"minecraft:play_one_minute":125016,"minecraft:leave_game":1,"minecraft:time_since_death":21280,"minecraft:climb_one_cm":2411,"minecraft:time_since_rest":21314,"minecraft:sprint_one_cm":59146,"minecraft:damage_taken":450,"minecraft:walk_one_cm":676345,"minecraft:drop":20,"minecraft:damage_dealt":1597,"minecraft:fly_one_cm":46381,"minecraft:open_chest":56,"minecraft:crouch_one_cm":41682,"minecraft:deaths":1,"minecraft:sneak_time":10117,"minecraft:walk_under_water_one_cm":1515,"minecraft:jump":868,"minecraft:walk_on_water_one_cm":6442,"minecraft:fall_one_cm":7535},"minecraft:picked_up":{"minecraft:charcoal":5,"minecraft:wheat":4,"minecraft:azure_bluet":7,"minecraft:feather":7,"minecraft:ladder":2,"minecraft:crimson_stem":7,"minecraft:brown_mushroom":5,"minecraft:wooden_pickaxe":1,"minecraft:flint":2,"minecraft:oak_log":4,"minecraft:lily_pad":1,"minecraft:warped_stairs":2,"minecraft:dirt":258,"minecraft:bone":3,"minecraft:warped_fence":2,"minecraft:apple":4,"minecraft:wheat_seeds":16,"minecraft:gold_nugget":36,"minecraft:warped_stem":50,"minecraft:stone_pickaxe":1,"minecraft:iron_ore":1,"minecraft:cobblestone_slab":12,"minecraft:warped_slab":2,"minecraft:poppy":4,"minecraft:fletching_table":1,"minecraft:glowstone_dust":51,"minecraft:chest":1,"minecraft:oak_planks":10,"minecraft:egg":1,"minecraft:stick":7,"minecraft:warped_wart_block":25,"minecraft:quartz":19,"minecraft:dandelion":13,"minecraft:gravel":8,"minecraft:sand":18,"minecraft:crimson_stairs":1,"minecraft:warped_planks":8,"minecraft:spider_eye":1,"minecraft:rotten_flesh":1,"minecraft:golden_apple":1,"minecraft:bread":4,"minecraft:oak_sapling":3,"minecraft:warped_nylium":2,"minecraft:netherrack":146,"minecraft:cobblestone":200,"minecraft:oxeye_daisy":7},"minecraft:broken":{"minecraft:stone_pickaxe":3,"minecraft:wooden_pickaxe":1}},"DataVersion":2586}