{"stats":{"minecraft:picked_up":{"minecraft:azure_bluet":2,"minecraft:wheat_seeds":5,"minecraft:dandelion":3,"minecraft:poppy":2,"minecraft:dirt":20,"minecraft:oxeye_daisy":3},"minecraft:mined":{"minecraft:grass":35,"minecraft:grass_block":10,"minecraft:poppy":2,"minecraft:horn_coral_fan":1,"minecraft:tall_grass":9,"minecraft:dandelion":3,"minecraft:oxeye_daisy":4,"minecraft:azure_bluet":2},"minecraft:custom":{"minecraft:time_since_rest":11783,"minecraft:open_chest":7,"minecraft:play_one_minute":11783,"minecraft:sprint_one_cm":353,"minecraft:walk_one_cm":34913,"minecraft:sneak_time":3,"minecraft:jump":27,"minecraft:leave_game":1,"minecraft:time_since_death":11783,"minecraft:walk_on_water_one_cm":788,"minecraft:fly_one_cm":156}},"DataVersion":2586}