{"stats":{"minecraft:custom":{"minecraft:interact_with_anvil":1,"minecraft:play_one_minute":1778092,"minecraft:open_shulker_box":85,"minecraft:leave_game":45,"minecraft:time_since_death":99813,"minecraft:climb_one_cm":41646,"minecraft:damage_resisted":380,"minecraft:time_since_rest":99815,"minecraft:sprint_one_cm":1184624,"minecraft:damage_taken":1560,"minecraft:walk_one_cm":616138,"minecraft:drop":64,"minecraft:minecart_one_cm":6224,"minecraft:damage_dealt":350,"minecraft:swim_one_cm":18690,"minecraft:fly_one_cm":12433905,"minecraft:player_kills":1,"minecraft:open_chest":11,"minecraft:crouch_one_cm":508078,"minecraft:sneak_time":202471,"minecraft:deaths":22,"minecraft:walk_under_water_one_cm":26123,"minecraft:jump":10216,"minecraft:walk_on_water_one_cm":834,"minecraft:fall_one_cm":4261},"minecraft:used":{"minecraft:oak_fence":11,"minecraft:quartz_bricks":1,"minecraft:nether_brick_fence":9,"minecraft:water_bucket":35,"minecraft:netherite_sword":607,"minecraft:end_rod":16,"minecraft:iron_bars":7,"minecraft:crimson_fence":14,"minecraft:orange_concrete":18,"minecraft:light_gray_stained_glass_pane":2,"minecraft:snow_block":54,"minecraft:armor_stand":12,"minecraft:smooth_quartz_slab":127,"minecraft:yellow_shulker_box":18,"minecraft:red_concrete":64,"minecraft:red_sandstone_slab":29,"minecraft:polished_andesite":2,"minecraft:redstone":99,"minecraft:oak_planks":59,"minecraft:red_nether_bricks":26,"minecraft:ladder":62,"minecraft:oak_sign":33,"minecraft:black_carpet":1,"minecraft:cactus":24,"minecraft:ender_pearl":16,"minecraft:chest":2,"minecraft:stone":95,"minecraft:end_stone_brick_slab":10,"minecraft:quartz_stairs":39,"minecraft:soul_campfire":1,"minecraft:debug_stick":380,"minecraft:smooth_quartz_stairs":18,"minecraft:oak_leaves":2,"minecraft:polished_blackstone_pressure_plate":10,"minecraft:torch":29,"minecraft:anvil":1,"minecraft:chiseled_red_sandstone":10,"minecraft:purpur_stairs":15,"minecraft:diamond_block":21,"minecraft:orange_carpet":3,"minecraft:soul_sand":1,"minecraft:sand":42,"minecraft:rail":4,"minecraft:comparator":1,"minecraft:vine":15,"minecraft:oak_slab":42,"minecraft:dark_prismarine_slab":21,"minecraft:lime_bed":1,"minecraft:red_bed":1,"minecraft:twisting_vines":19,"minecraft:sponge":36,"minecraft:yellow_stained_glass_pane":6,"minecraft:yellow_concrete":153,"minecraft:yellow_carpet":8,"minecraft:campfire":6,"minecraft:chiseled_quartz_block":10,"minecraft:weeping_vines":1,"minecraft:milk_bucket":1,"minecraft:red_sandstone_stairs":12,"minecraft:birch_fence":7,"minecraft:redstone_torch":3,"minecraft:oak_log":29,"minecraft:piston":8,"minecraft:red_shulker_box":9,"minecraft:blue_stained_glass_pane":1,"minecraft:packed_ice":40,"minecraft:green_concrete":170,"minecraft:wooden_axe":5,"minecraft:lever":4,"minecraft:honey_block":160,"minecraft:red_sandstone":12,"minecraft:black_concrete":469,"minecraft:lava_bucket":1,"minecraft:black_stained_glass_pane":7,"minecraft:string":35,"minecraft:quartz_pillar":48,"minecraft:acacia_sign":4,"minecraft:command_block":37,"minecraft:dark_oak_log":27,"minecraft:lime_carpet":27,"minecraft:light_weighted_pressure_plate":70,"minecraft:lantern":15,"minecraft:grass_block":51,"minecraft:oak_stairs":50,"minecraft:barrier":2174,"minecraft:slime_block":54,"minecraft:stone_button":15,"minecraft:quartz_block":755,"minecraft:polished_granite":33,"minecraft:smooth_quartz":189,"minecraft:iron_door":3,"minecraft:soul_lantern":2,"minecraft:repeater":72,"minecraft:red_stained_glass_pane":22,"minecraft:green_carpet":5,"minecraft:birch_button":1,"minecraft:glowstone":1,"minecraft:red_carpet":1,"minecraft:magma_block":1,"minecraft:lime_concrete":229,"minecraft:snow":185,"minecraft:emerald_block":10,"minecraft:written_book":2,"minecraft:iron_trapdoor":39,"minecraft:furnace":1,"minecraft:minecart":4,"minecraft:lapis_block":1,"minecraft:chain":12,"minecraft:gold_block":98,"minecraft:repeating_command_block":4,"minecraft:green_stained_glass_pane":33,"minecraft:smooth_stone":46,"minecraft:jukebox":1,"minecraft:splash_potion":63,"minecraft:soul_torch":4},"minecraft:dropped":{"minecraft:lever":1,"minecraft:player_head":1,"minecraft:diamond_leggings":2,"minecraft:oak_sign":1,"minecraft:turtle_helmet":55,"minecraft:ice":1,"minecraft:diamond_chestplate":1,"minecraft:wooden_axe":1,"minecraft:diamond_boots":1},"minecraft:picked_up":{"minecraft:wooden_axe":1,"minecraft:barrier":1,"minecraft:repeater":1,"minecraft:turtle_helmet":48,"minecraft:armor_stand":1,"minecraft:oak_sign":5,"minecraft:dark_prismarine_slab":1,"minecraft:command_block":1,"minecraft:lever":1}},"DataVersion":2586}