{"stats":{"minecraft:used":{"minecraft:redstone":12,"minecraft:repeater":2},"minecraft:custom":{"minecraft:jump":372,"minecraft:time_since_rest":8680,"minecraft:crouch_one_cm":681,"minecraft:damage_dealt":330,"minecraft:play_one_minute":17585,"minecraft:sprint_one_cm":31647,"minecraft:deaths":11,"minecraft:damage_taken":879,"minecraft:time_since_death":8675,"minecraft:walk_one_cm":42273,"minecraft:sneak_time":386,"minecraft:climb_one_cm":1217,"minecraft:fall_one_cm":25074,"minecraft:fly_one_cm":206215},"minecraft:killed_by":{"minecraft:player":2}},"DataVersion":2586}