{"stats":{"minecraft:used":{"minecraft:water_bucket":1,"minecraft:lava_bucket":1,"minecraft:oxeye_daisy":4,"minecraft:poppy":2,"minecraft:dirt":16,"minecraft:sand":3,"minecraft:crafting_table":1,"minecraft:oak_sapling":3,"minecraft:bucket":2,"minecraft:dandelion":3,"minecraft:azure_bluet":2,"minecraft:bone_meal":8},"minecraft:picked_up":{"minecraft:charcoal":2,"minecraft:stick":2,"minecraft:sand":12,"minecraft:oak_log":10,"minecraft:lily_pad":3,"minecraft:dirt":24,"minecraft:wheat_seeds":1,"minecraft:poppy":1,"minecraft:bamboo":26,"minecraft:oak_sapling":2,"minecraft:oxeye_daisy":1},"minecraft:crafted":{"minecraft:oak_planks":16,"minecraft:crafting_table":1},"minecraft:mined":{"minecraft:bubble_coral":1,"minecraft:fire_coral":1,"minecraft:grass":5,"minecraft:grass_block":14,"minecraft:oak_log":10,"minecraft:horn_coral_fan":1,"minecraft:dirt":8,"minecraft:sand":12,"minecraft:campfire":1,"minecraft:tall_grass":1,"minecraft:bamboo":2,"minecraft:lily_pad":3,"minecraft:oak_leaves":53},"minecraft:custom":{"minecraft:time_since_rest":5663,"minecraft:sprint_one_cm":20183,"minecraft:damage_taken":450,"minecraft:walk_one_cm":47146,"minecraft:interact_with_crafting_table":2,"minecraft:fly_one_cm":24770,"minecraft:open_chest":24,"minecraft:play_one_minute":32536,"minecraft:crouch_one_cm":910,"minecraft:deaths":2,"minecraft:sneak_time":273,"minecraft:jump":202,"minecraft:leave_game":2,"minecraft:time_since_death":5624,"minecraft:walk_on_water_one_cm":1554,"minecraft:fall_one_cm":4470}},"DataVersion":2586}