{"stats":{"minecraft:dropped":{"minecraft:dirt":36,"minecraft:gold_nugget":6,"minecraft:netherrack":100,"minecraft:gold_ingot":20},"minecraft:killed_by":{"minecraft:zombie":1},"minecraft:killed":{"minecraft:spider":1,"minecraft:creeper":1,"minecraft:skeleton":1,"minecraft:zombie":8},"minecraft:mined":{"minecraft:red_nether_brick_slab":2,"minecraft:nether_gold_ore":67,"minecraft:crimson_nylium":6,"minecraft:warped_fence":21,"minecraft:warped_stairs":3,"minecraft:fire_coral":1,"minecraft:crafting_table":6,"minecraft:grass_block":76,"minecraft:crimson_slab":3,"minecraft:chest":1,"minecraft:crimson_roots":2,"minecraft:nether_brick_slab":3,"minecraft:horn_coral_fan":1,"minecraft:campfire":1,"minecraft:nether_quartz_ore":8,"minecraft:tall_grass":1,"minecraft:cobblestone":50,"minecraft:lily_pad":3,"minecraft:oak_planks":5,"minecraft:crimson_stairs":2,"minecraft:crimson_stem":11,"minecraft:warped_wart_block":60,"minecraft:warped_nylium":68,"minecraft:bubble_coral":1,"minecraft:glowstone":3,"minecraft:nether_sprouts":4,"minecraft:warped_fungus":1,"minecraft:nether_brick_stairs":1,"minecraft:warped_hyphae":2,"minecraft:grass":5,"minecraft:oak_log":15,"minecraft:shroomlight":1,"minecraft:warped_stem":31,"minecraft:sand":12,"minecraft:dirt":42,"minecraft:bamboo":2,"minecraft:stone":4,"minecraft:netherrack":380,"minecraft:oak_leaves":99,"minecraft:crimson_hyphae":1,"minecraft:warped_slab":3},"minecraft:used":{"minecraft:wheat_seeds":6,"minecraft:water_bucket":2,"minecraft:stone_sword":44,"minecraft:stone_pickaxe":607,"minecraft:poppy":2,"minecraft:oak_planks":5,"minecraft:chest":3,"minecraft:wooden_pickaxe":2,"minecraft:cobblestone_slab":14,"minecraft:netherrack":86,"minecraft:warped_wart_block":2,"minecraft:dirt":109,"minecraft:sand":5,"minecraft:crafting_table":8,"minecraft:warped_planks":30,"minecraft:azure_bluet":2,"minecraft:wooden_axe":53,"minecraft:wooden_hoe":25,"minecraft:lava_bucket":1,"minecraft:oxeye_daisy":4,"minecraft:bread":4,"minecraft:warped_slab":86,"minecraft:stone_axe":44,"minecraft:cobblestone":13,"minecraft:bow":15,"minecraft:oak_sapling":6,"minecraft:grindstone":1,"minecraft:bucket":5,"minecraft:egg":2,"minecraft:dandelion":3,"minecraft:bone_meal":8},"minecraft:crafted":{"minecraft:crimson_planks":16,"minecraft:oak_planks":20,"minecraft:cobblestone_slab":18,"minecraft:crafting_table":3,"minecraft:wooden_pickaxe":1,"minecraft:stone_axe":1,"minecraft:warped_planks":100,"minecraft:bow":1,"minecraft:wooden_hoe":1,"minecraft:gold_nugget":9,"minecraft:stick":28,"minecraft:warped_slab":108,"minecraft:stone_pickaxe":7,"minecraft:wooden_axe":1,"minecraft:stone_sword":1,"minecraft:chest":1,"minecraft:gold_ingot":27,"minecraft:golden_helmet":1},"minecraft:custom":{"minecraft:interact_with_furnace":4,"minecraft:mob_kills":11,"minecraft:interact_with_crafting_table":29,"minecraft:play_one_minute":146186,"minecraft:leave_game":2,"minecraft:time_since_death":11244,"minecraft:climb_one_cm":557,"minecraft:time_since_rest":11269,"minecraft:sprint_one_cm":151453,"minecraft:damage_taken":2017,"minecraft:walk_one_cm":384779,"minecraft:drop":29,"minecraft:damage_dealt":2502,"minecraft:swim_one_cm":676,"minecraft:player_kills":3,"minecraft:fly_one_cm":325683,"minecraft:open_chest":123,"minecraft:crouch_one_cm":90817,"minecraft:deaths":8,"minecraft:sneak_time":23093,"minecraft:walk_under_water_one_cm":434,"minecraft:jump":1744,"minecraft:walk_on_water_one_cm":3078,"minecraft:fall_one_cm":22448},"minecraft:broken":{"minecraft:stone_pickaxe":4},"minecraft:picked_up":{"minecraft:crimson_hyphae":2,"minecraft:charcoal":2,"minecraft:crafting_table":8,"minecraft:splash_potion":1,"minecraft:chicken":1,"minecraft:crimson_stem":11,"minecraft:leather":6,"minecraft:crimson_fungus":1,"minecraft:nether_brick":9,"minecraft:oak_log":15,"minecraft:lily_pad":3,"minecraft:warped_stairs":3,"minecraft:string":9,"minecraft:wooden_hoe":1,"minecraft:dirt":117,"minecraft:white_carpet":2,"minecraft:bone":3,"minecraft:warped_fence":17,"minecraft:blackstone":8,"minecraft:gold_nugget":261,"minecraft:warped_hyphae":2,"minecraft:wheat_seeds":2,"minecraft:warped_stem":30,"minecraft:bucket":1,"minecraft:cobweb":7,"minecraft:warped_slab":3,"minecraft:glowstone_dust":11,"minecraft:poppy":1,"minecraft:bamboo":55,"minecraft:chest":2,"minecraft:oak_planks":5,"minecraft:soul_sand":9,"minecraft:stick":6,"minecraft:warped_fungus":8,"minecraft:quartz":7,"minecraft:warped_wart_block":53,"minecraft:gravel":32,"minecraft:crimson_stairs":2,"minecraft:sand":12,"minecraft:villager_spawn_egg":2,"minecraft:nether_brick_slab":1,"minecraft:crying_obsidian":3,"minecraft:spectral_arrow":11,"minecraft:arrow":4,"minecraft:rotten_flesh":2,"minecraft:crimson_slab":2,"minecraft:gold_ingot":4,"minecraft:green_wool":6,"minecraft:bread":4,"minecraft:red_nether_brick_slab":2,"minecraft:obsidian":1,"minecraft:oak_sapling":5,"minecraft:netherrack":392,"minecraft:iron_bars":4,"minecraft:crimson_roots":2,"minecraft:cobblestone":58,"minecraft:oxeye_daisy":4}},"DataVersion":2586}