{"stats":{"minecraft:dropped":{"minecraft:dirt":36},"minecraft:killed_by":{"minecraft:zombie":1},"minecraft:killed":{"minecraft:spider":1,"minecraft:creeper":1,"minecraft:zombie":1},"minecraft:mined":{"minecraft:nether_gold_ore":20,"minecraft:crimson_nylium":1,"minecraft:warped_fence":2,"minecraft:warped_stairs":2,"minecraft:fire_coral":1,"minecraft:grass_block":76,"minecraft:chest":1,"minecraft:horn_coral_fan":1,"minecraft:campfire":1,"minecraft:nether_quartz_ore":1,"minecraft:tall_grass":1,"minecraft:cobblestone":50,"minecraft:lily_pad":3,"minecraft:oak_planks":5,"minecraft:crimson_stairs":1,"minecraft:crimson_stem":7,"minecraft:warped_wart_block":24,"minecraft:warped_nylium":24,"minecraft:bubble_coral":1,"minecraft:nether_sprouts":3,"minecraft:warped_fungus":1,"minecraft:warped_hyphae":2,"minecraft:grass":5,"minecraft:oak_log":14,"minecraft:warped_stem":7,"minecraft:sand":12,"minecraft:dirt":41,"minecraft:bamboo":2,"minecraft:stone":4,"minecraft:netherrack":73,"minecraft:oak_leaves":93,"minecraft:crimson_hyphae":1,"minecraft:warped_slab":2},"minecraft:used":{"minecraft:wheat_seeds":6,"minecraft:water_bucket":2,"minecraft:stone_sword":22,"minecraft:stone_pickaxe":178,"minecraft:poppy":2,"minecraft:oak_planks":5,"minecraft:chest":2,"minecraft:wooden_pickaxe":2,"minecraft:cobblestone_slab":14,"minecraft:netherrack":31,"minecraft:dirt":85,"minecraft:sand":5,"minecraft:crafting_table":2,"minecraft:azure_bluet":2,"minecraft:wooden_hoe":25,"minecraft:lava_bucket":1,"minecraft:oxeye_daisy":4,"minecraft:bread":1,"minecraft:stone_axe":14,"minecraft:cobblestone":12,"minecraft:oak_sapling":6,"minecraft:grindstone":1,"minecraft:bucket":4,"minecraft:dandelion":3,"minecraft:bone_meal":8},"minecraft:crafted":{"minecraft:oak_planks":16,"minecraft:cobblestone_slab":18,"minecraft:crafting_table":1,"minecraft:wooden_pickaxe":1,"minecraft:stone_axe":1,"minecraft:warped_planks":8,"minecraft:wooden_hoe":1,"minecraft:stick":8,"minecraft:stone_pickaxe":2,"minecraft:stone_sword":1},"minecraft:custom":{"minecraft:interact_with_furnace":4,"minecraft:mob_kills":3,"minecraft:interact_with_crafting_table":12,"minecraft:play_one_minute":92186,"minecraft:leave_game":2,"minecraft:time_since_death":13051,"minecraft:climb_one_cm":557,"minecraft:time_since_rest":13090,"minecraft:sprint_one_cm":77730,"minecraft:damage_taken":1413,"minecraft:walk_one_cm":212462,"minecraft:drop":1,"minecraft:damage_dealt":1421,"minecraft:swim_one_cm":676,"minecraft:player_kills":3,"minecraft:fly_one_cm":199216,"minecraft:open_chest":77,"minecraft:crouch_one_cm":44292,"minecraft:deaths":6,"minecraft:sneak_time":11401,"minecraft:walk_under_water_one_cm":434,"minecraft:jump":1034,"minecraft:walk_on_water_one_cm":3078,"minecraft:fall_one_cm":10719},"minecraft:broken":{"minecraft:stone_pickaxe":1},"minecraft:picked_up":{"minecraft:crimson_hyphae":2,"minecraft:charcoal":2,"minecraft:crafting_table":2,"minecraft:chicken":1,"minecraft:crimson_stem":7,"minecraft:oak_log":14,"minecraft:lily_pad":3,"minecraft:warped_stairs":2,"minecraft:wooden_hoe":1,"minecraft:dirt":116,"minecraft:white_carpet":2,"minecraft:warped_fence":2,"minecraft:gold_nugget":76,"minecraft:warped_hyphae":2,"minecraft:wheat_seeds":2,"minecraft:warped_stem":7,"minecraft:bucket":1,"minecraft:cobweb":7,"minecraft:warped_slab":2,"minecraft:glowstone_dust":2,"minecraft:poppy":1,"minecraft:bamboo":55,"minecraft:chest":2,"minecraft:oak_planks":5,"minecraft:stick":5,"minecraft:warped_fungus":6,"minecraft:quartz":1,"minecraft:warped_wart_block":22,"minecraft:crimson_stairs":1,"minecraft:sand":12,"minecraft:villager_spawn_egg":2,"minecraft:green_wool":6,"minecraft:bread":4,"minecraft:oak_sapling":5,"minecraft:netherrack":100,"minecraft:iron_bars":4,"minecraft:cobblestone":46,"minecraft:oxeye_daisy":4}},"DataVersion":2586}