{"stats":{"minecraft:dropped":{"minecraft:dirt":36,"minecraft:gold_nugget":6,"minecraft:gold_ingot":20},"minecraft:killed_by":{"minecraft:zombie":1},"minecraft:killed":{"minecraft:spider":1,"minecraft:creeper":1,"minecraft:zombie":8},"minecraft:mined":{"minecraft:red_nether_brick_slab":1,"minecraft:nether_gold_ore":58,"minecraft:crimson_nylium":5,"minecraft:warped_fence":2,"minecraft:warped_stairs":2,"minecraft:fire_coral":1,"minecraft:crafting_table":4,"minecraft:grass_block":76,"minecraft:chest":1,"minecraft:crimson_roots":1,"minecraft:horn_coral_fan":1,"minecraft:campfire":1,"minecraft:nether_quartz_ore":4,"minecraft:tall_grass":1,"minecraft:cobblestone":50,"minecraft:lily_pad":3,"minecraft:oak_planks":5,"minecraft:crimson_stairs":1,"minecraft:crimson_stem":7,"minecraft:warped_wart_block":25,"minecraft:warped_nylium":53,"minecraft:bubble_coral":1,"minecraft:glowstone":3,"minecraft:nether_sprouts":3,"minecraft:warped_fungus":1,"minecraft:warped_hyphae":2,"minecraft:grass":5,"minecraft:oak_log":14,"minecraft:shroomlight":1,"minecraft:warped_stem":30,"minecraft:sand":12,"minecraft:dirt":42,"minecraft:bamboo":2,"minecraft:stone":4,"minecraft:netherrack":214,"minecraft:oak_leaves":93,"minecraft:crimson_hyphae":1,"minecraft:warped_slab":3},"minecraft:used":{"minecraft:wheat_seeds":6,"minecraft:water_bucket":2,"minecraft:stone_sword":43,"minecraft:stone_pickaxe":394,"minecraft:poppy":2,"minecraft:oak_planks":5,"minecraft:chest":3,"minecraft:wooden_pickaxe":2,"minecraft:cobblestone_slab":14,"minecraft:netherrack":59,"minecraft:dirt":109,"minecraft:sand":5,"minecraft:crafting_table":6,"minecraft:warped_planks":30,"minecraft:azure_bluet":2,"minecraft:wooden_hoe":25,"minecraft:lava_bucket":1,"minecraft:oxeye_daisy":4,"minecraft:bread":4,"minecraft:warped_slab":86,"minecraft:stone_axe":44,"minecraft:cobblestone":13,"minecraft:bow":15,"minecraft:oak_sapling":6,"minecraft:grindstone":1,"minecraft:bucket":5,"minecraft:egg":2,"minecraft:dandelion":3,"minecraft:bone_meal":8},"minecraft:crafted":{"minecraft:oak_planks":16,"minecraft:cobblestone_slab":18,"minecraft:crafting_table":2,"minecraft:wooden_pickaxe":1,"minecraft:stone_axe":1,"minecraft:warped_planks":100,"minecraft:bow":1,"minecraft:wooden_hoe":1,"minecraft:gold_nugget":9,"minecraft:stick":20,"minecraft:warped_slab":108,"minecraft:stone_pickaxe":5,"minecraft:stone_sword":1,"minecraft:chest":1,"minecraft:gold_ingot":27,"minecraft:golden_helmet":1},"minecraft:custom":{"minecraft:interact_with_furnace":4,"minecraft:mob_kills":10,"minecraft:interact_with_crafting_table":25,"minecraft:play_one_minute":134186,"minecraft:leave_game":2,"minecraft:time_since_death":6550,"minecraft:climb_one_cm":557,"minecraft:time_since_rest":6575,"minecraft:sprint_one_cm":148415,"minecraft:damage_taken":1718,"minecraft:walk_one_cm":375151,"minecraft:drop":27,"minecraft:damage_dealt":2401,"minecraft:swim_one_cm":676,"minecraft:player_kills":3,"minecraft:fly_one_cm":314194,"minecraft:open_chest":120,"minecraft:crouch_one_cm":65756,"minecraft:deaths":7,"minecraft:sneak_time":16021,"minecraft:walk_under_water_one_cm":434,"minecraft:jump":1665,"minecraft:walk_on_water_one_cm":3078,"minecraft:fall_one_cm":21510},"minecraft:broken":{"minecraft:stone_pickaxe":3},"minecraft:picked_up":{"minecraft:crimson_hyphae":2,"minecraft:charcoal":2,"minecraft:crafting_table":6,"minecraft:splash_potion":1,"minecraft:chicken":1,"minecraft:crimson_stem":7,"minecraft:leather":6,"minecraft:crimson_fungus":1,"minecraft:nether_brick":9,"minecraft:oak_log":14,"minecraft:lily_pad":3,"minecraft:warped_stairs":2,"minecraft:string":9,"minecraft:wooden_hoe":1,"minecraft:dirt":117,"minecraft:white_carpet":2,"minecraft:warped_fence":2,"minecraft:blackstone":8,"minecraft:gold_nugget":237,"minecraft:warped_hyphae":2,"minecraft:wheat_seeds":2,"minecraft:warped_stem":29,"minecraft:bucket":1,"minecraft:cobweb":7,"minecraft:warped_slab":3,"minecraft:glowstone_dust":11,"minecraft:poppy":1,"minecraft:bamboo":55,"minecraft:chest":2,"minecraft:oak_planks":5,"minecraft:soul_sand":9,"minecraft:stick":5,"minecraft:warped_fungus":7,"minecraft:quartz":4,"minecraft:warped_wart_block":23,"minecraft:gravel":32,"minecraft:crimson_stairs":1,"minecraft:sand":12,"minecraft:villager_spawn_egg":2,"minecraft:crying_obsidian":3,"minecraft:spectral_arrow":11,"minecraft:rotten_flesh":2,"minecraft:gold_ingot":4,"minecraft:green_wool":6,"minecraft:bread":4,"minecraft:red_nether_brick_slab":1,"minecraft:obsidian":1,"minecraft:oak_sapling":5,"minecraft:netherrack":258,"minecraft:iron_bars":4,"minecraft:crimson_roots":1,"minecraft:cobblestone":58,"minecraft:oxeye_daisy":4}},"DataVersion":2586}