{"stats":{"minecraft:dropped":{"minecraft:dirt":36},"minecraft:killed_by":{"minecraft:zombie":1},"minecraft:killed":{"minecraft:spider":1,"minecraft:creeper":1},"minecraft:mined":{"minecraft:warped_fence":2,"minecraft:warped_stairs":2,"minecraft:fire_coral":1,"minecraft:grass_block":76,"minecraft:chest":1,"minecraft:horn_coral_fan":1,"minecraft:campfire":1,"minecraft:tall_grass":1,"minecraft:cobblestone":48,"minecraft:lily_pad":3,"minecraft:oak_planks":5,"minecraft:warped_wart_block":24,"minecraft:bubble_coral":1,"minecraft:nether_sprouts":2,"minecraft:warped_hyphae":2,"minecraft:grass":5,"minecraft:oak_log":14,"minecraft:warped_stem":7,"minecraft:sand":12,"minecraft:dirt":41,"minecraft:bamboo":2,"minecraft:stone":4,"minecraft:oak_leaves":93},"minecraft:used":{"minecraft:wheat_seeds":6,"minecraft:water_bucket":2,"minecraft:stone_sword":14,"minecraft:stone_pickaxe":53,"minecraft:poppy":2,"minecraft:oak_planks":5,"minecraft:chest":1,"minecraft:wooden_pickaxe":2,"minecraft:cobblestone_slab":14,"minecraft:dirt":85,"minecraft:sand":5,"minecraft:crafting_table":1,"minecraft:azure_bluet":2,"minecraft:wooden_hoe":25,"minecraft:lava_bucket":1,"minecraft:oxeye_daisy":4,"minecraft:cobblestone":12,"minecraft:oak_sapling":6,"minecraft:grindstone":1,"minecraft:bucket":4,"minecraft:dandelion":3,"minecraft:bone_meal":8},"minecraft:crafted":{"minecraft:oak_planks":16,"minecraft:cobblestone_slab":18,"minecraft:crafting_table":1,"minecraft:wooden_pickaxe":1,"minecraft:stone_axe":1,"minecraft:warped_planks":8,"minecraft:wooden_hoe":1,"minecraft:stick":8,"minecraft:stone_pickaxe":1,"minecraft:stone_sword":1},"minecraft:custom":{"minecraft:interact_with_furnace":2,"minecraft:mob_kills":2,"minecraft:interact_with_crafting_table":11,"minecraft:play_one_minute":68186,"minecraft:leave_game":2,"minecraft:time_since_death":6388,"minecraft:climb_one_cm":557,"minecraft:time_since_rest":6441,"minecraft:sprint_one_cm":56815,"minecraft:damage_taken":1150,"minecraft:walk_one_cm":173547,"minecraft:drop":1,"minecraft:damage_dealt":801,"minecraft:swim_one_cm":676,"minecraft:fly_one_cm":136055,"minecraft:open_chest":64,"minecraft:crouch_one_cm":31193,"minecraft:deaths":5,"minecraft:sneak_time":7691,"minecraft:walk_under_water_one_cm":434,"minecraft:jump":688,"minecraft:walk_on_water_one_cm":2115,"minecraft:fall_one_cm":7969},"minecraft:picked_up":{"minecraft:charcoal":2,"minecraft:oak_log":14,"minecraft:lily_pad":3,"minecraft:warped_stairs":2,"minecraft:dirt":115,"minecraft:warped_fence":2,"minecraft:warped_hyphae":2,"minecraft:wheat_seeds":1,"minecraft:warped_stem":7,"minecraft:bucket":1,"minecraft:poppy":1,"minecraft:bamboo":26,"minecraft:chest":1,"minecraft:oak_planks":5,"minecraft:stick":5,"minecraft:warped_wart_block":22,"minecraft:sand":12,"minecraft:bread":4,"minecraft:oak_sapling":5,"minecraft:cobblestone":45,"minecraft:oxeye_daisy":1}},"DataVersion":2586}