{"stats":{"minecraft:used":{"minecraft:dirt":9,"minecraft:sand":2},"minecraft:picked_up":{"minecraft:sand":2,"minecraft:lily_pad":1,"minecraft:dirt":9},"minecraft:mined":{"minecraft:tall_grass":1,"minecraft:grass_block":6,"minecraft:lily_pad":1,"minecraft:sand":2,"minecraft:dirt":3},"minecraft:custom":{"minecraft:jump":25,"minecraft:open_chest":3,"minecraft:time_since_rest":8589,"minecraft:leave_game":1,"minecraft:play_one_minute":8589,"minecraft:crouch_one_cm":391,"minecraft:time_since_death":8589,"minecraft:sprint_one_cm":2091,"minecraft:walk_on_water_one_cm":71,"minecraft:walk_one_cm":7348,"minecraft:sneak_time":82,"minecraft:fall_one_cm":476,"minecraft:fly_one_cm":1922}},"DataVersion":2586}