{"stats":{"minecraft:used":{"minecraft:water_bucket":1,"minecraft:lava_bucket":1,"minecraft:oxeye_daisy":4,"minecraft:poppy":2,"minecraft:chest":1,"minecraft:wooden_pickaxe":2,"minecraft:dirt":57,"minecraft:sand":5,"minecraft:crafting_table":1,"minecraft:oak_sapling":3,"minecraft:bucket":2,"minecraft:dandelion":3,"minecraft:azure_bluet":2,"minecraft:bone_meal":8},"minecraft:picked_up":{"minecraft:charcoal":2,"minecraft:stick":3,"minecraft:sand":12,"minecraft:oak_log":10,"minecraft:lily_pad":3,"minecraft:dirt":113,"minecraft:wheat_seeds":1,"minecraft:poppy":1,"minecraft:chest":1,"minecraft:bamboo":26,"minecraft:oak_sapling":2,"minecraft:cobblestone":1,"minecraft:oxeye_daisy":1},"minecraft:dropped":{"minecraft:dirt":36},"minecraft:crafted":{"minecraft:oak_planks":16,"minecraft:crafting_table":1,"minecraft:wooden_pickaxe":1},"minecraft:mined":{"minecraft:bubble_coral":1,"minecraft:nether_sprouts":2,"minecraft:fire_coral":1,"minecraft:grass":5,"minecraft:grass_block":76,"minecraft:oak_log":10,"minecraft:chest":1,"minecraft:horn_coral_fan":1,"minecraft:dirt":38,"minecraft:sand":12,"minecraft:campfire":1,"minecraft:tall_grass":1,"minecraft:cobblestone":1,"minecraft:bamboo":2,"minecraft:lily_pad":3,"minecraft:oak_leaves":53},"minecraft:custom":{"minecraft:time_since_rest":17663,"minecraft:sprint_one_cm":31812,"minecraft:damage_taken":470,"minecraft:walk_one_cm":73847,"minecraft:drop":1,"minecraft:damage_dealt":21,"minecraft:interact_with_crafting_table":4,"minecraft:fly_one_cm":69445,"minecraft:open_chest":35,"minecraft:play_one_minute":44536,"minecraft:crouch_one_cm":19165,"minecraft:deaths":2,"minecraft:sneak_time":4634,"minecraft:jump":380,"minecraft:leave_game":2,"minecraft:time_since_death":17624,"minecraft:walk_on_water_one_cm":1842,"minecraft:fall_one_cm":6388}},"DataVersion":2586}