{"stats":{"minecraft:picked_up":{"minecraft:wheat_seeds":1,"minecraft:sand":2,"minecraft:lily_pad":1,"minecraft:dirt":10,"minecraft:oxeye_daisy":1},"minecraft:used":{"minecraft:oxeye_daisy":3,"minecraft:dirt":10,"minecraft:sand":2,"minecraft:poppy":2,"minecraft:dandelion":3,"minecraft:azure_bluet":2},"minecraft:mined":{"minecraft:grass":5,"minecraft:grass_block":7,"minecraft:sand":2,"minecraft:dirt":3,"minecraft:tall_grass":1,"minecraft:lily_pad":1},"minecraft:custom":{"minecraft:time_since_rest":4118,"minecraft:open_chest":11,"minecraft:crouch_one_cm":391,"minecraft:play_one_minute":20536,"minecraft:sprint_one_cm":12997,"minecraft:deaths":1,"minecraft:damage_taken":210,"minecraft:walk_one_cm":24109,"minecraft:sneak_time":97,"minecraft:jump":122,"minecraft:leave_game":2,"minecraft:walk_on_water_one_cm":654,"minecraft:time_since_death":4084,"minecraft:fall_one_cm":3425,"minecraft:fly_one_cm":19395}},"DataVersion":2586}