{"stats":{"minecraft:dropped":{"minecraft:dirt":36,"minecraft:gold_nugget":6,"minecraft:gold_ingot":20,"minecraft:netherrack":100},"minecraft:killed_by":{"minecraft:creeper":1,"minecraft:zombie":1},"minecraft:killed":{"minecraft:spider":1,"minecraft:skeleton":1,"minecraft:creeper":1,"minecraft:zombie":8},"minecraft:mined":{"minecraft:red_nether_brick_slab":2,"minecraft:nether_gold_ore":67,"minecraft:warped_stairs":5,"minecraft:crimson_trapdoor":1,"minecraft:grass_block":76,"minecraft:crimson_roots":2,"minecraft:horn_coral_fan":1,"minecraft:crimson_stem":13,"minecraft:glowstone":3,"minecraft:nether_sprouts":4,"minecraft:nether_brick_stairs":1,"minecraft:shroomlight":1,"minecraft:warped_stem":35,"minecraft:bamboo":2,"minecraft:warped_trapdoor":1,"minecraft:stone":4,"minecraft:oak_slab":5,"minecraft:crimson_nylium":6,"minecraft:warped_fence":49,"minecraft:fire_coral":1,"minecraft:crafting_table":6,"minecraft:chest":1,"minecraft:crimson_slab":3,"minecraft:nether_brick_slab":3,"minecraft:campfire":1,"minecraft:nether_quartz_ore":8,"minecraft:tall_grass":1,"minecraft:cobblestone":50,"minecraft:lily_pad":3,"minecraft:oak_planks":5,"minecraft:crimson_stairs":4,"minecraft:warped_wart_block":133,"minecraft:warped_nylium":68,"minecraft:bubble_coral":1,"minecraft:warped_fungus":1,"minecraft:warped_hyphae":2,"minecraft:grass":5,"minecraft:oak_log":39,"minecraft:sand":12,"minecraft:dirt":42,"minecraft:netherrack":380,"minecraft:crimson_fence":5,"minecraft:oak_leaves":185,"minecraft:crimson_hyphae":1,"minecraft:warped_slab":5},"minecraft:used":{"minecraft:stone_sword":44,"minecraft:poppy":2,"minecraft:chest":3,"minecraft:netherrack":86,"minecraft:dirt":109,"minecraft:warped_wart_block":2,"minecraft:azure_bluet":2,"minecraft:wooden_axe":59,"minecraft:lava_bucket":1,"minecraft:warped_fence":1,"minecraft:crimson_slab":1,"minecraft:bow":19,"minecraft:oak_sapling":9,"minecraft:egg":2,"minecraft:wheat_seeds":6,"minecraft:water_bucket":2,"minecraft:stone_pickaxe":607,"minecraft:oak_planks":5,"minecraft:wooden_pickaxe":2,"minecraft:cobblestone_slab":14,"minecraft:sand":5,"minecraft:crafting_table":8,"minecraft:oak_slab":129,"minecraft:warped_planks":30,"minecraft:wooden_hoe":25,"minecraft:oxeye_daisy":4,"minecraft:bread":4,"minecraft:warped_slab":202,"minecraft:stone_axe":175,"minecraft:cobblestone":13,"minecraft:grindstone":1,"minecraft:bucket":5,"minecraft:dandelion":3,"minecraft:bone_meal":8},"minecraft:custom":{"minecraft:mob_kills":14,"minecraft:interact_with_crafting_table":33,"minecraft:leave_game":3,"minecraft:time_since_death":15496,"minecraft:climb_one_cm":557,"minecraft:sprint_one_cm":176458,"minecraft:walk_one_cm":428331,"minecraft:drop":29,"minecraft:deaths":9,"minecraft:sneak_time":33573,"minecraft:walk_under_water_one_cm":434,"minecraft:jump":2042,"minecraft:walk_on_water_one_cm":3078,"minecraft:interact_with_furnace":4,"minecraft:play_one_minute":170347,"minecraft:time_since_rest":15541,"minecraft:damage_taken":2277,"minecraft:damage_dealt":2569,"minecraft:swim_one_cm":676,"minecraft:fly_one_cm":401962,"minecraft:player_kills":3,"minecraft:open_chest":140,"minecraft:crouch_one_cm":121114,"minecraft:fall_one_cm":27722},"minecraft:crafted":{"minecraft:oak_planks":80,"minecraft:cobblestone_slab":18,"minecraft:warped_planks":112,"minecraft:bow":1,"minecraft:stone_pickaxe":7,"minecraft:chest":1,"minecraft:golden_helmet":1,"minecraft:oak_slab":120,"minecraft:crimson_planks":16,"minecraft:crafting_table":3,"minecraft:wooden_pickaxe":1,"minecraft:stone_axe":2,"minecraft:wooden_hoe":1,"minecraft:gold_nugget":9,"minecraft:stick":28,"minecraft:warped_slab":132,"minecraft:wooden_axe":1,"minecraft:stone_sword":1,"minecraft:gold_ingot":27},"minecraft:broken":{"minecraft:stone_pickaxe":4,"minecraft:stone_axe":1,"minecraft:wooden_axe":1},"minecraft:picked_up":{"minecraft:charcoal":2,"minecraft:crafting_table":8,"minecraft:splash_potion":1,"minecraft:chicken":1,"minecraft:nether_brick":9,"minecraft:warped_stairs":3,"minecraft:string":9,"minecraft:white_carpet":2,"minecraft:warped_fence":52,"minecraft:blackstone":8,"minecraft:gold_nugget":261,"minecraft:crimson_fence":4,"minecraft:bucket":1,"minecraft:warped_slab":6,"minecraft:poppy":1,"minecraft:chest":2,"minecraft:stick":6,"minecraft:villager_spawn_egg":2,"minecraft:arrow":4,"minecraft:rotten_flesh":2,"minecraft:green_wool":6,"minecraft:gold_ingot":4,"minecraft:obsidian":1,"minecraft:iron_bars":4,"minecraft:cobblestone":58,"minecraft:crimson_slab":4,"minecraft:oxeye_daisy":4,"minecraft:crimson_hyphae":2,"minecraft:crimson_stem":11,"minecraft:leather":6,"minecraft:crimson_fungus":1,"minecraft:oak_log":39,"minecraft:lily_pad":3,"minecraft:wooden_hoe":1,"minecraft:dirt":117,"minecraft:bone":3,"minecraft:apple":1,"minecraft:warped_hyphae":2,"minecraft:bow":1,"minecraft:wheat_seeds":2,"minecraft:warped_stem":32,"minecraft:cobweb":7,"minecraft:bamboo":55,"minecraft:glowstone_dust":11,"minecraft:oak_planks":5,"minecraft:soul_sand":9,"minecraft:oak_slab":9,"minecraft:warped_fungus":8,"minecraft:warped_wart_block":97,"minecraft:quartz":10,"minecraft:gravel":32,"minecraft:crimson_stairs":3,"minecraft:sand":12,"minecraft:nether_brick_slab":1,"minecraft:crying_obsidian":3,"minecraft:spectral_arrow":11,"minecraft:bread":4,"minecraft:red_nether_brick_slab":2,"minecraft:oak_sapling":10,"minecraft:netherrack":392,"minecraft:crimson_roots":3}},"DataVersion":2586}