{"stats":{"minecraft:picked_up":{"minecraft:charcoal":2,"minecraft:stick":5,"minecraft:sand":12,"minecraft:oak_log":14,"minecraft:lily_pad":3,"minecraft:warped_stairs":2,"minecraft:dirt":114,"minecraft:warped_fence":2,"minecraft:warped_hyphae":2,"minecraft:wheat_seeds":1,"minecraft:warped_stem":7,"minecraft:bucket":1,"minecraft:bread":4,"minecraft:poppy":1,"minecraft:chest":1,"minecraft:bamboo":26,"minecraft:oak_sapling":5,"minecraft:cobblestone":1,"minecraft:oxeye_daisy":1},"minecraft:used":{"minecraft:wheat_seeds":6,"minecraft:wooden_hoe":25,"minecraft:water_bucket":2,"minecraft:stone_sword":2,"minecraft:lava_bucket":1,"minecraft:oxeye_daisy":4,"minecraft:stone_pickaxe":1,"minecraft:poppy":2,"minecraft:chest":1,"minecraft:wooden_pickaxe":2,"minecraft:dirt":84,"minecraft:sand":5,"minecraft:crafting_table":1,"minecraft:oak_sapling":4,"minecraft:grindstone":1,"minecraft:bucket":4,"minecraft:dandelion":3,"minecraft:azure_bluet":2,"minecraft:bone_meal":8},"minecraft:dropped":{"minecraft:dirt":36},"minecraft:crafted":{"minecraft:warped_planks":8,"minecraft:oak_planks":16,"minecraft:wooden_hoe":1,"minecraft:crafting_table":1,"minecraft:stick":4,"minecraft:wooden_pickaxe":1,"minecraft:stone_pickaxe":1,"minecraft:stone_sword":1},"minecraft:mined":{"minecraft:bubble_coral":1,"minecraft:nether_sprouts":2,"minecraft:warped_fence":2,"minecraft:warped_stairs":2,"minecraft:fire_coral":1,"minecraft:warped_hyphae":2,"minecraft:grass":5,"minecraft:grass_block":76,"minecraft:oak_log":14,"minecraft:chest":1,"minecraft:warped_stem":7,"minecraft:horn_coral_fan":1,"minecraft:dirt":40,"minecraft:sand":12,"minecraft:campfire":1,"minecraft:tall_grass":1,"minecraft:cobblestone":2,"minecraft:bamboo":2,"minecraft:lily_pad":3,"minecraft:oak_leaves":93},"minecraft:custom":{"minecraft:time_since_rest":1833,"minecraft:sprint_one_cm":41341,"minecraft:damage_taken":670,"minecraft:walk_one_cm":145453,"minecraft:drop":1,"minecraft:damage_dealt":146,"minecraft:interact_with_crafting_table":7,"minecraft:fly_one_cm":93017,"minecraft:open_chest":59,"minecraft:play_one_minute":56536,"minecraft:crouch_one_cm":22933,"minecraft:deaths":3,"minecraft:walk_under_water_one_cm":155,"minecraft:sneak_time":5508,"minecraft:jump":497,"minecraft:leave_game":2,"minecraft:time_since_death":1806,"minecraft:walk_on_water_one_cm":1893,"minecraft:fall_one_cm":7015}},"DataVersion":2586}