{"stats":{"minecraft:used":{"minecraft:water_bucket":3,"minecraft:stone_sword":1,"minecraft:bread":1,"minecraft:stone_pickaxe":59,"minecraft:ladder":4,"minecraft:cobblestone_slab":22,"minecraft:dirt":8,"minecraft:cobblestone":30,"minecraft:crafting_table":1,"minecraft:bucket":2},"minecraft:picked_up":{"minecraft:charcoal":2,"minecraft:chicken":1,"minecraft:dandelion":2,"minecraft:sand":1,"minecraft:dirt":14,"minecraft:wheat_seeds":1,"minecraft:hay_block":4,"minecraft:iron_ore":2,"minecraft:green_wool":6,"minecraft:chest":1,"minecraft:iron_bars":2,"minecraft:oak_planks":1,"minecraft:cobblestone":51,"minecraft:egg":1},"minecraft:dropped":{"minecraft:bread":8},"minecraft:crafted":{"minecraft:oak_planks":24,"minecraft:cobblestone_slab":24,"minecraft:crafting_table":1,"minecraft:ladder":6,"minecraft:stick":24,"minecraft:stone_pickaxe":1,"minecraft:stone_sword":1,"minecraft:bread":12,"minecraft:wheat":36},"minecraft:mined":{"minecraft:hay_block":4,"minecraft:iron_ore":2,"minecraft:dandelion":1,"minecraft:grass":4,"minecraft:grass_block":2,"minecraft:chest":1,"minecraft:iron_bars":2,"minecraft:campfire":1,"minecraft:dirt":12,"minecraft:sand":1,"minecraft:tall_grass":1,"minecraft:cobblestone":25,"minecraft:stone":14,"minecraft:oak_planks":1,"minecraft:green_wool":6},"minecraft:custom":{"minecraft:time_since_rest":12626,"minecraft:sprint_one_cm":4199,"minecraft:damage_taken":60,"minecraft:walk_one_cm":28743,"minecraft:drop":2,"minecraft:damage_dealt":48,"minecraft:interact_with_crafting_table":11,"minecraft:fly_one_cm":6680,"minecraft:open_chest":14,"minecraft:crouch_one_cm":8543,"minecraft:play_one_minute":12626,"minecraft:sneak_time":3608,"minecraft:walk_under_water_one_cm":68,"minecraft:jump":122,"minecraft:walk_on_water_one_cm":1062,"minecraft:time_since_death":12626,"minecraft:climb_one_cm":529,"minecraft:fall_one_cm":902}},"DataVersion":2586}