{"stats":{"minecraft:mined":{"minecraft:repeater":1,"minecraft:redstone_wire":6},"minecraft:custom":{"minecraft:jump":480,"minecraft:time_since_rest":8960,"minecraft:crouch_one_cm":600,"minecraft:damage_dealt":501,"minecraft:play_one_minute":17873,"minecraft:deaths":9,"minecraft:leave_game":1,"minecraft:sprint_one_cm":32204,"minecraft:damage_taken":2340,"minecraft:time_since_death":8951,"minecraft:walk_one_cm":64932,"minecraft:sneak_time":443,"minecraft:climb_one_cm":2198,"minecraft:fall_one_cm":23112,"minecraft:fly_one_cm":46924,"minecraft:player_kills":3}},"DataVersion":2586}