{"stats":{"minecraft:mined":{"minecraft:repeater":1,"minecraft:redstone_wire":3},"minecraft:custom":{"minecraft:jump":154,"minecraft:time_since_rest":39,"minecraft:crouch_one_cm":335,"minecraft:damage_dealt":294,"minecraft:play_one_minute":5873,"minecraft:deaths":3,"minecraft:leave_game":1,"minecraft:sprint_one_cm":7564,"minecraft:damage_taken":773,"minecraft:time_since_death":32,"minecraft:walk_one_cm":14603,"minecraft:sneak_time":323,"minecraft:fall_one_cm":4301,"minecraft:fly_one_cm":8994,"minecraft:player_kills":1}},"DataVersion":2586}