{"stats":{"minecraft:dropped":{"minecraft:bread":8,"minecraft:cobblestone":3,"minecraft:spider_eye":1,"minecraft:stone_pickaxe":1},"minecraft:killed":{"minecraft:spider":1,"minecraft:zombie":6},"minecraft:mined":{"minecraft:nether_gold_ore":3,"minecraft:brown_mushroom":2,"minecraft:twisting_vines_plant":1,"minecraft:dandelion":3,"minecraft:cornflower":1,"minecraft:grass_block":40,"minecraft:poppy":1,"minecraft:warped_roots":1,"minecraft:chest":1,"minecraft:campfire":1,"minecraft:tall_grass":3,"minecraft:cobblestone":37,"minecraft:oak_planks":1,"minecraft:warped_wart_block":4,"minecraft:hay_block":4,"minecraft:warped_planks":1,"minecraft:iron_ore":2,"minecraft:wheat":7,"minecraft:fire":6,"minecraft:white_carpet":2,"minecraft:azure_bluet":1,"minecraft:twisting_vines":2,"minecraft:grass":28,"minecraft:oak_log":1,"minecraft:shroomlight":17,"minecraft:cobblestone_slab":11,"minecraft:iron_bars":4,"minecraft:warped_stem":11,"minecraft:sand":1,"minecraft:dirt":36,"minecraft:stone":23,"minecraft:netherrack":247,"minecraft:green_wool":6},"minecraft:used":{"minecraft:wheat_seeds":16,"minecraft:water_bucket":16,"minecraft:stone_sword":65,"minecraft:flint_and_steel":7,"minecraft:stone_pickaxe":346,"minecraft:poppy":1,"minecraft:ladder":5,"minecraft:brown_mushroom":1,"minecraft:cobblestone_slab":28,"minecraft:rotten_flesh":5,"minecraft:netherrack":83,"minecraft:dirt":64,"minecraft:warped_wart_block":3,"minecraft:crafting_table":1,"minecraft:warped_planks":22,"minecraft:obsidian":2,"minecraft:shroomlight":14,"minecraft:wooden_hoe":5,"minecraft:cornflower":1,"minecraft:lava_bucket":13,"minecraft:bread":4,"minecraft:glowstone":2,"minecraft:cobblestone":37,"minecraft:furnace":1,"minecraft:bucket":29,"minecraft:egg":3,"minecraft:bone_meal":12},"minecraft:crafted":{"minecraft:oak_planks":28,"minecraft:cobblestone_slab":24,"minecraft:crafting_table":1,"minecraft:furnace":1,"minecraft:bone_meal":12,"minecraft:bucket":1,"minecraft:glowstone":2,"minecraft:bread":12,"minecraft:air":0,"minecraft:warped_planks":24,"minecraft:ladder":6,"minecraft:stick":28,"minecraft:iron_ingot":1,"minecraft:stone_pickaxe":2,"minecraft:stone_sword":1,"minecraft:wheat":36},"minecraft:custom":{"minecraft:interact_with_furnace":7,"minecraft:mob_kills":11,"minecraft:animals_bred":1,"minecraft:interact_with_crafting_table":16,"minecraft:play_one_minute":77922,"minecraft:time_since_death":10972,"minecraft:climb_one_cm":2969,"minecraft:time_since_rest":11002,"minecraft:sprint_one_cm":70425,"minecraft:damage_taken":565,"minecraft:walk_one_cm":236352,"minecraft:drop":7,"minecraft:damage_dealt":2123,"minecraft:fly_one_cm":148595,"minecraft:open_chest":52,"minecraft:crouch_one_cm":41488,"minecraft:deaths":1,"minecraft:sneak_time":13201,"minecraft:walk_under_water_one_cm":68,"minecraft:jump":1060,"minecraft:walk_on_water_one_cm":1531,"minecraft:fall_one_cm":17654},"minecraft:picked_up":{"minecraft:charcoal":2,"minecraft:wheat":7,"minecraft:azure_bluet":1,"minecraft:chicken":1,"minecraft:ladder":1,"minecraft:brown_mushroom":3,"minecraft:oak_log":1,"minecraft:cornflower":1,"minecraft:dirt":71,"minecraft:white_carpet":2,"minecraft:bone":5,"minecraft:shroomlight":14,"minecraft:gold_nugget":10,"minecraft:wheat_seeds":29,"minecraft:warped_stem":11,"minecraft:iron_ore":2,"minecraft:cobblestone_slab":4,"minecraft:poppy":1,"minecraft:chest":1,"minecraft:oak_planks":1,"minecraft:egg":6,"minecraft:dandelion":4,"minecraft:warped_wart_block":4,"minecraft:sand":1,"minecraft:warped_planks":1,"minecraft:spider_eye":1,"minecraft:arrow":3,"minecraft:rotten_flesh":5,"minecraft:hay_block":4,"minecraft:green_wool":6,"minecraft:warped_roots":1,"minecraft:netherrack":252,"minecraft:iron_bars":4,"minecraft:cobblestone":72},"minecraft:broken":{"minecraft:stone_pickaxe":1}},"DataVersion":2586}