{"stats":{"minecraft:dropped":{"minecraft:bread":8},"minecraft:mined":{"minecraft:hay_block":4,"minecraft:iron_ore":2,"minecraft:white_carpet":2,"minecraft:dandelion":3,"minecraft:cornflower":1,"minecraft:azure_bluet":1,"minecraft:grass":28,"minecraft:grass_block":38,"minecraft:poppy":1,"minecraft:cobblestone_slab":11,"minecraft:chest":1,"minecraft:iron_bars":4,"minecraft:dirt":20,"minecraft:sand":1,"minecraft:campfire":1,"minecraft:tall_grass":3,"minecraft:cobblestone":33,"minecraft:stone":23,"minecraft:oak_planks":1,"minecraft:green_wool":6},"minecraft:used":{"minecraft:water_bucket":3,"minecraft:cornflower":1,"minecraft:stone_sword":1,"minecraft:stone_pickaxe":91,"minecraft:bread":2,"minecraft:ladder":4,"minecraft:poppy":1,"minecraft:cobblestone_slab":28,"minecraft:dirt":40,"minecraft:cobblestone":33,"minecraft:crafting_table":1,"minecraft:furnace":1,"minecraft:bucket":3,"minecraft:obsidian":2},"minecraft:crafted":{"minecraft:oak_planks":24,"minecraft:cobblestone_slab":24,"minecraft:crafting_table":1,"minecraft:ladder":6,"minecraft:stick":24,"minecraft:iron_ingot":1,"minecraft:stone_pickaxe":1,"minecraft:stone_sword":1,"minecraft:furnace":1,"minecraft:bucket":1,"minecraft:air":0,"minecraft:bread":12,"minecraft:wheat":36},"minecraft:custom":{"minecraft:time_since_rest":23922,"minecraft:interact_with_furnace":7,"minecraft:sprint_one_cm":16477,"minecraft:damage_taken":80,"minecraft:walk_one_cm":60950,"minecraft:drop":2,"minecraft:damage_dealt":78,"minecraft:interact_with_crafting_table":14,"minecraft:fly_one_cm":38562,"minecraft:open_chest":27,"minecraft:play_one_minute":23922,"minecraft:crouch_one_cm":17704,"minecraft:sneak_time":6230,"minecraft:walk_under_water_one_cm":68,"minecraft:jump":240,"minecraft:time_since_death":23922,"minecraft:walk_on_water_one_cm":1174,"minecraft:climb_one_cm":982,"minecraft:fall_one_cm":1655},"minecraft:picked_up":{"minecraft:charcoal":2,"minecraft:azure_bluet":1,"minecraft:chicken":1,"minecraft:dandelion":4,"minecraft:sand":1,"minecraft:cornflower":1,"minecraft:dirt":57,"minecraft:white_carpet":2,"minecraft:wheat_seeds":8,"minecraft:hay_block":4,"minecraft:iron_ore":2,"minecraft:cobblestone_slab":4,"minecraft:green_wool":6,"minecraft:poppy":1,"minecraft:chest":1,"minecraft:iron_bars":4,"minecraft:oak_planks":1,"minecraft:cobblestone":65,"minecraft:egg":1}},"DataVersion":2586}