{"stats":{"minecraft:dropped":{"minecraft:bread":8,"minecraft:spider_eye":1,"minecraft:stone_pickaxe":1},"minecraft:killed":{"minecraft:spider":1,"minecraft:zombie":4},"minecraft:mined":{"minecraft:dandelion":3,"minecraft:cornflower":1,"minecraft:grass_block":38,"minecraft:poppy":1,"minecraft:chest":1,"minecraft:campfire":1,"minecraft:tall_grass":3,"minecraft:cobblestone":33,"minecraft:oak_planks":1,"minecraft:warped_wart_block":4,"minecraft:hay_block":4,"minecraft:iron_ore":2,"minecraft:fire":3,"minecraft:white_carpet":2,"minecraft:azure_bluet":1,"minecraft:grass":28,"minecraft:cobblestone_slab":11,"minecraft:iron_bars":4,"minecraft:sand":1,"minecraft:dirt":36,"minecraft:stone":23,"minecraft:green_wool":6},"minecraft:used":{"minecraft:water_bucket":16,"minecraft:stone_sword":35,"minecraft:flint_and_steel":5,"minecraft:stone_pickaxe":92,"minecraft:poppy":1,"minecraft:ladder":4,"minecraft:cobblestone_slab":28,"minecraft:rotten_flesh":3,"minecraft:netherrack":63,"minecraft:dirt":64,"minecraft:warped_wart_block":3,"minecraft:crafting_table":1,"minecraft:obsidian":2,"minecraft:cornflower":1,"minecraft:lava_bucket":13,"minecraft:bread":4,"minecraft:cobblestone":33,"minecraft:furnace":1,"minecraft:bucket":29},"minecraft:crafted":{"minecraft:oak_planks":24,"minecraft:cobblestone_slab":24,"minecraft:crafting_table":1,"minecraft:furnace":1,"minecraft:bucket":1,"minecraft:bread":12,"minecraft:air":0,"minecraft:ladder":6,"minecraft:stick":24,"minecraft:iron_ingot":1,"minecraft:stone_pickaxe":1,"minecraft:stone_sword":1,"minecraft:wheat":36},"minecraft:custom":{"minecraft:interact_with_furnace":7,"minecraft:mob_kills":7,"minecraft:interact_with_crafting_table":14,"minecraft:play_one_minute":47922,"minecraft:time_since_death":47922,"minecraft:climb_one_cm":982,"minecraft:time_since_rest":47922,"minecraft:sprint_one_cm":33582,"minecraft:damage_taken":330,"minecraft:walk_one_cm":95578,"minecraft:drop":4,"minecraft:damage_dealt":1378,"minecraft:fly_one_cm":81058,"minecraft:open_chest":29,"minecraft:crouch_one_cm":28860,"minecraft:sneak_time":9991,"minecraft:walk_under_water_one_cm":68,"minecraft:jump":479,"minecraft:walk_on_water_one_cm":1196,"minecraft:fall_one_cm":5655},"minecraft:picked_up":{"minecraft:charcoal":2,"minecraft:azure_bluet":1,"minecraft:chicken":1,"minecraft:cornflower":1,"minecraft:dirt":70,"minecraft:white_carpet":2,"minecraft:wheat_seeds":8,"minecraft:iron_ore":2,"minecraft:cobblestone_slab":4,"minecraft:poppy":1,"minecraft:chest":1,"minecraft:oak_planks":1,"minecraft:egg":1,"minecraft:dandelion":4,"minecraft:warped_wart_block":4,"minecraft:sand":1,"minecraft:spider_eye":1,"minecraft:rotten_flesh":4,"minecraft:hay_block":4,"minecraft:green_wool":6,"minecraft:iron_bars":4,"minecraft:cobblestone":65}},"DataVersion":2586}