{"stats":{"minecraft:dropped":{"minecraft:bread":8,"minecraft:cobblestone":3,"minecraft:spider_eye":1,"minecraft:stone_pickaxe":1,"minecraft:netherrack":6},"minecraft:killed_by":{"minecraft:skeleton":1},"minecraft:killed":{"minecraft:spider":1,"minecraft:zombie":8},"minecraft:mined":{"minecraft:nether_gold_ore":3,"minecraft:brown_mushroom":2,"minecraft:twisting_vines_plant":1,"minecraft:dandelion":3,"minecraft:cornflower":1,"minecraft:grass_block":42,"minecraft:poppy":1,"minecraft:warped_roots":1,"minecraft:chest":1,"minecraft:campfire":1,"minecraft:tall_grass":3,"minecraft:cobblestone":40,"minecraft:oak_planks":1,"minecraft:warped_wart_block":4,"minecraft:hay_block":4,"minecraft:warped_planks":1,"minecraft:iron_ore":2,"minecraft:wheat":7,"minecraft:fire":6,"minecraft:white_carpet":2,"minecraft:azure_bluet":1,"minecraft:twisting_vines":2,"minecraft:grass":28,"minecraft:oak_log":1,"minecraft:shroomlight":17,"minecraft:cobblestone_slab":11,"minecraft:iron_bars":4,"minecraft:warped_stem":11,"minecraft:sand":1,"minecraft:dirt":93,"minecraft:stone":23,"minecraft:netherrack":248,"minecraft:green_wool":6},"minecraft:used":{"minecraft:wheat_seeds":16,"minecraft:water_bucket":16,"minecraft:stone_sword":81,"minecraft:flint_and_steel":7,"minecraft:stone_pickaxe":350,"minecraft:poppy":1,"minecraft:ladder":5,"minecraft:brown_mushroom":1,"minecraft:cobblestone_slab":28,"minecraft:rotten_flesh":7,"minecraft:netherrack":131,"minecraft:dirt":149,"minecraft:warped_wart_block":3,"minecraft:crafting_table":1,"minecraft:warped_planks":22,"minecraft:obsidian":2,"minecraft:shroomlight":14,"minecraft:wooden_hoe":5,"minecraft:cornflower":1,"minecraft:lava_bucket":13,"minecraft:bread":4,"minecraft:glowstone":2,"minecraft:cobblestone":37,"minecraft:furnace":1,"minecraft:bucket":29,"minecraft:egg":6,"minecraft:bone_meal":12},"minecraft:crafted":{"minecraft:oak_planks":28,"minecraft:stone_shovel":2,"minecraft:cobblestone_slab":24,"minecraft:crafting_table":1,"minecraft:furnace":1,"minecraft:bone_meal":12,"minecraft:bucket":1,"minecraft:glowstone":2,"minecraft:bread":12,"minecraft:air":0,"minecraft:warped_planks":40,"minecraft:warped_fence_gate":1,"minecraft:ladder":6,"minecraft:stick":40,"minecraft:iron_ingot":1,"minecraft:stone_pickaxe":3,"minecraft:stone_sword":1,"minecraft:wheat":36},"minecraft:custom":{"minecraft:interact_with_furnace":7,"minecraft:mob_kills":14,"minecraft:animals_bred":1,"minecraft:interact_with_crafting_table":22,"minecraft:play_one_minute":89922,"minecraft:time_since_death":8291,"minecraft:climb_one_cm":4676,"minecraft:time_since_rest":8377,"minecraft:sprint_one_cm":89139,"minecraft:damage_taken":985,"minecraft:walk_one_cm":262083,"minecraft:drop":13,"minecraft:damage_dealt":2794,"minecraft:fly_one_cm":175279,"minecraft:open_chest":71,"minecraft:crouch_one_cm":54087,"minecraft:deaths":3,"minecraft:sneak_time":16104,"minecraft:walk_under_water_one_cm":68,"minecraft:jump":1251,"minecraft:walk_on_water_one_cm":1759,"minecraft:fall_one_cm":17923},"minecraft:picked_up":{"minecraft:charcoal":2,"minecraft:wheat":7,"minecraft:azure_bluet":1,"minecraft:chicken":1,"minecraft:ladder":2,"minecraft:brown_mushroom":3,"minecraft:oak_log":1,"minecraft:cornflower":1,"minecraft:dirt":220,"minecraft:white_carpet":2,"minecraft:bone":5,"minecraft:shroomlight":14,"minecraft:gold_nugget":10,"minecraft:wheat_seeds":29,"minecraft:warped_stem":11,"minecraft:iron_ore":2,"minecraft:cobblestone_slab":4,"minecraft:poppy":1,"minecraft:chest":1,"minecraft:oak_planks":1,"minecraft:egg":12,"minecraft:stick":1,"minecraft:dandelion":4,"minecraft:warped_wart_block":4,"minecraft:sand":1,"minecraft:warped_planks":1,"minecraft:spider_eye":1,"minecraft:stone_sword":1,"minecraft:arrow":3,"minecraft:rotten_flesh":9,"minecraft:hay_block":4,"minecraft:green_wool":6,"minecraft:warped_roots":1,"minecraft:netherrack":253,"minecraft:iron_bars":4,"minecraft:cobblestone":75},"minecraft:broken":{"minecraft:stone_pickaxe":1}},"DataVersion":2586}