{"stats":{"minecraft:dropped":{"minecraft:bread":8,"minecraft:cobblestone":3,"minecraft:spider_eye":1,"minecraft:stone_pickaxe":1,"minecraft:netherrack":80},"minecraft:killed_by":{"minecraft:skeleton":1},"minecraft:killed":{"minecraft:pig":2,"minecraft:witch":1,"minecraft:spider":1,"minecraft:skeleton":2,"minecraft:zombie":8,"minecraft:chicken":3},"minecraft:mined":{"minecraft:nether_gold_ore":3,"minecraft:brown_mushroom":2,"minecraft:warped_fence_gate":1,"minecraft:twisting_vines_plant":1,"minecraft:dandelion":3,"minecraft:cornflower":1,"minecraft:grass_block":78,"minecraft:poppy":1,"minecraft:warped_roots":1,"minecraft:chest":1,"minecraft:campfire":1,"minecraft:tall_grass":3,"minecraft:cobblestone":82,"minecraft:oak_planks":1,"minecraft:warped_wart_block":4,"minecraft:hay_block":4,"minecraft:glowstone":1,"minecraft:warped_planks":1,"minecraft:iron_ore":4,"minecraft:wheat":8,"minecraft:fire":6,"minecraft:white_carpet":2,"minecraft:azure_bluet":1,"minecraft:twisting_vines":2,"minecraft:grass":28,"minecraft:oak_log":1,"minecraft:shroomlight":23,"minecraft:cobblestone_slab":24,"minecraft:iron_bars":4,"minecraft:warped_stem":11,"minecraft:sand":1,"minecraft:dirt":151,"minecraft:crimson_planks":1,"minecraft:stone":89,"minecraft:netherrack":268,"minecraft:green_wool":6},"minecraft:used":{"minecraft:wheat_seeds":17,"minecraft:water_bucket":16,"minecraft:stone_sword":81,"minecraft:flint_and_steel":7,"minecraft:stone_shovel":80,"minecraft:stone_pickaxe":481,"minecraft:poppy":1,"minecraft:ladder":7,"minecraft:wooden_pickaxe":15,"minecraft:brown_mushroom":1,"minecraft:cobblestone_slab":28,"minecraft:rotten_flesh":7,"minecraft:netherrack":169,"minecraft:dirt":210,"minecraft:warped_wart_block":3,"minecraft:crafting_table":1,"minecraft:warped_planks":22,"minecraft:obsidian":2,"minecraft:shroomlight":20,"minecraft:wooden_axe":8,"minecraft:wooden_hoe":5,"minecraft:cornflower":1,"minecraft:lava_bucket":13,"minecraft:bread":4,"minecraft:crimson_planks":10,"minecraft:stone_axe":17,"minecraft:glowstone":3,"minecraft:cobblestone":74,"minecraft:furnace":1,"minecraft:warped_fence_gate":2,"minecraft:bucket":29,"minecraft:egg":15,"minecraft:bone_meal":12},"minecraft:crafted":{"minecraft:crimson_planks":28,"minecraft:oak_planks":28,"minecraft:stone_shovel":2,"minecraft:cobblestone_slab":24,"minecraft:crafting_table":1,"minecraft:wooden_pickaxe":1,"minecraft:furnace":1,"minecraft:bone_meal":12,"minecraft:bucket":1,"minecraft:glowstone":3,"minecraft:bread":12,"minecraft:air":0,"minecraft:warped_planks":40,"minecraft:warped_fence_gate":1,"minecraft:ladder":6,"minecraft:stick":44,"minecraft:iron_ingot":1,"minecraft:stone_pickaxe":6,"minecraft:wooden_axe":1,"minecraft:stone_sword":1,"minecraft:wheat":36},"minecraft:custom":{"minecraft:interact_with_furnace":7,"minecraft:mob_kills":23,"minecraft:animals_bred":1,"minecraft:interact_with_crafting_table":28,"minecraft:play_one_minute":113922,"minecraft:time_since_death":1022,"minecraft:climb_one_cm":6809,"minecraft:time_since_rest":1073,"minecraft:sprint_one_cm":128467,"minecraft:damage_taken":1695,"minecraft:walk_one_cm":325739,"minecraft:drop":15,"minecraft:damage_dealt":4013,"minecraft:fly_one_cm":242741,"minecraft:open_chest":96,"minecraft:crouch_one_cm":81105,"minecraft:deaths":6,"minecraft:sneak_time":24065,"minecraft:walk_under_water_one_cm":68,"minecraft:jump":1670,"minecraft:walk_on_water_one_cm":1759,"minecraft:fall_one_cm":22511},"minecraft:picked_up":{"minecraft:charcoal":2,"minecraft:feather":5,"minecraft:wheat":8,"minecraft:azure_bluet":1,"minecraft:chicken":4,"minecraft:ladder":6,"minecraft:brown_mushroom":3,"minecraft:oak_log":1,"minecraft:crimson_planks":1,"minecraft:gunpowder":1,"minecraft:cornflower":1,"minecraft:dirt":305,"minecraft:white_carpet":2,"minecraft:bone":7,"minecraft:shroomlight":20,"minecraft:gold_nugget":10,"minecraft:wheat_seeds":31,"minecraft:warped_stem":11,"minecraft:iron_ore":4,"minecraft:cobblestone_slab":8,"minecraft:poppy":1,"minecraft:glowstone_dust":2,"minecraft:chest":1,"minecraft:oak_planks":1,"minecraft:egg":20,"minecraft:stick":1,"minecraft:dandelion":4,"minecraft:warped_wart_block":4,"minecraft:porkchop":3,"minecraft:sand":1,"minecraft:warped_planks":1,"minecraft:warped_fence_gate":1,"minecraft:spider_eye":1,"minecraft:stone_sword":1,"minecraft:arrow":5,"minecraft:rotten_flesh":9,"minecraft:hay_block":4,"minecraft:green_wool":6,"minecraft:warped_roots":1,"minecraft:netherrack":359,"minecraft:iron_bars":4,"minecraft:cobblestone":204},"minecraft:broken":{"minecraft:stone_pickaxe":2}},"DataVersion":2586}