{"stats":{"minecraft:custom":{"minecraft:mob_kills":1,"minecraft:play_one_minute":1738055,"minecraft:open_shulker_box":31,"minecraft:leave_game":68,"minecraft:time_since_death":97318,"minecraft:climb_one_cm":45828,"minecraft:damage_resisted":68826,"minecraft:time_since_rest":97321,"minecraft:walk_one_cm":695266,"minecraft:damage_taken":2500,"minecraft:sprint_one_cm":953629,"minecraft:drop":47,"minecraft:damage_dealt":301,"minecraft:minecart_one_cm":22344,"minecraft:swim_one_cm":21482,"minecraft:fly_one_cm":9618799,"minecraft:open_chest":15,"minecraft:crouch_one_cm":270821,"minecraft:deaths":29,"minecraft:sneak_time":117807,"minecraft:walk_under_water_one_cm":4547,"minecraft:jump":9291,"minecraft:walk_on_water_one_cm":388,"minecraft:fall_one_cm":22773},"minecraft:dropped":{"minecraft:coarse_dirt":1,"minecraft:barrier":4,"minecraft:dark_prismarine_slab":1,"minecraft:spectral_arrow":1,"minecraft:command_block":3,"minecraft:oak_sign":4,"minecraft:turtle_helmet":30,"minecraft:black_concrete":2,"minecraft:chain_command_block":1},"minecraft:killed":{"minecraft:shulker":1},"minecraft:killed_by":{"minecraft:player":1},"minecraft:picked_up":{"minecraft:shulker_shell":1,"minecraft:coarse_dirt":2,"minecraft:barrier":4,"minecraft:turtle_helmet":44,"minecraft:ice":1,"minecraft:diamond_leggings":3,"minecraft:player_head":5,"minecraft:chain_command_block":1,"minecraft:spectral_arrow":1,"minecraft:diamond_chestplate":1,"minecraft:command_block":3,"minecraft:black_concrete":2,"minecraft:diamond_boots":1},"minecraft:used":{"minecraft:crimson_stem":59,"minecraft:oak_fence":33,"minecraft:water_bucket":2,"minecraft:end_rod":38,"minecraft:writable_book":4,"minecraft:iron_bars":67,"minecraft:crimson_fence":7,"minecraft:spruce_door":1,"minecraft:orange_concrete":400,"minecraft:armor_stand":1,"minecraft:red_concrete":348,"minecraft:yellow_shulker_box":5,"minecraft:redstone":28,"minecraft:oak_planks":21,"minecraft:ladder":198,"minecraft:oak_sign":127,"minecraft:black_carpet":1,"minecraft:cactus":1,"minecraft:chest":2,"minecraft:stone":1,"minecraft:quartz_stairs":1,"minecraft:player_head":9,"minecraft:polished_blackstone_pressure_plate":3,"minecraft:diamond_block":32,"minecraft:soul_sand":47,"minecraft:purpur_stairs":1,"minecraft:rail":11,"minecraft:dark_prismarine_slab":43,"minecraft:oak_slab":54,"minecraft:birch_sign":1,"minecraft:yellow_stained_glass_pane":46,"minecraft:yellow_concrete":509,"minecraft:acacia_button":9,"minecraft:weeping_vines":55,"minecraft:nether_brick_stairs":72,"minecraft:redstone_torch":8,"minecraft:piston":15,"minecraft:crimson_button":46,"minecraft:wooden_axe":5,"minecraft:honey_block":32,"minecraft:lever":98,"minecraft:green_concrete":331,"minecraft:flower_pot":8,"minecraft:packed_ice":65,"minecraft:black_concrete":548,"minecraft:bookshelf":47,"minecraft:zombie_head":8,"minecraft:black_stained_glass_pane":65,"minecraft:command_block":186,"minecraft:quartz_slab":97,"minecraft:lantern":10,"minecraft:iron_block":2,"minecraft:light_weighted_pressure_plate":208,"minecraft:string":1,"minecraft:spruce_button":7,"minecraft:barrier":564,"minecraft:slime_block":49,"minecraft:quartz_block":800,"minecraft:crimson_slab":86,"minecraft:smooth_quartz":152,"minecraft:iron_door":1,"minecraft:prismarine_slab":4,"minecraft:item_frame":1,"minecraft:magenta_stained_glass_pane":102,"minecraft:birch_button":13,"minecraft:repeater":20,"minecraft:red_stained_glass_pane":62,"minecraft:lime_concrete":58,"minecraft:snow":17,"minecraft:written_book":2,"minecraft:iron_trapdoor":99,"minecraft:acacia_fence":13,"minecraft:chain_command_block":11,"minecraft:minecart":9,"minecraft:chain":75,"minecraft:gold_block":46,"minecraft:smooth_stone_slab":2,"minecraft:repeating_command_block":27,"minecraft:warped_button":2,"minecraft:orange_stained_glass_pane":30,"minecraft:green_stained_glass_pane":32,"minecraft:smooth_stone":1,"minecraft:birch_stairs":2}},"DataVersion":2586}