{"stats":{"minecraft:picked_up":{"minecraft:wheat":1,"minecraft:feather":2,"minecraft:ladder":7,"minecraft:gunpowder":3,"minecraft:string":1,"minecraft:twisting_vines":2,"minecraft:bone":6,"minecraft:beetroot":1,"minecraft:wheat_seeds":6,"minecraft:bucket":1,"minecraft:bamboo":14,"minecraft:egg":16,"minecraft:stick":7,"minecraft:bowl":2,"minecraft:porkchop":15,"minecraft:lava_bucket":1,"minecraft:stone_button":7,"minecraft:green_carpet":6,"minecraft:beetroot_seeds":5,"minecraft:cow_spawn_egg":2,"minecraft:mutton":4,"minecraft:white_wool":3},"minecraft:crafted":{"minecraft:stick":3},"minecraft:killed":{"minecraft:pig":3,"minecraft:sheep":1},"minecraft:custom":{"minecraft:mob_kills":8,"minecraft:interact_with_crafting_table":1,"minecraft:open_barrel":17,"minecraft:play_one_minute":152586,"minecraft:interact_with_campfire":4,"minecraft:leave_game":7,"minecraft:time_since_death":2448,"minecraft:time_since_rest":2542,"minecraft:sprint_one_cm":1703,"minecraft:damage_taken":300,"minecraft:walk_one_cm":25192,"minecraft:drop":3,"minecraft:damage_dealt":536,"minecraft:fly_one_cm":1558606,"minecraft:open_chest":34,"minecraft:crouch_one_cm":1368,"minecraft:deaths":3,"minecraft:sneak_time":5520,"minecraft:walk_under_water_one_cm":2158,"minecraft:jump":83,"minecraft:walk_on_water_one_cm":2072},"minecraft:dropped":{"minecraft:bamboo":10},"minecraft:used":{"minecraft:crimson_stem":49,"minecraft:oak_fence":21,"minecraft:wheat_seeds":40,"minecraft:water_bucket":32,"minecraft:warped_stem":26,"minecraft:iron_bars":6,"minecraft:iron_ore":13,"minecraft:cobblestone_stairs":9,"minecraft:crimson_fence":74,"minecraft:spruce_door":1,"minecraft:flint_and_steel":2,"minecraft:birch_leaves":139,"minecraft:spruce_slab":15,"minecraft:polished_andesite":81,"minecraft:oak_planks":11,"minecraft:ladder":12,"minecraft:chest":17,"minecraft:spruce_planks":9,"minecraft:stone":855,"minecraft:composter":1,"minecraft:grass":2,"minecraft:clay":6,"minecraft:warped_sign":3,"minecraft:bubble_coral":1,"minecraft:cobblestone_slab":43,"minecraft:netherrack":534,"minecraft:white_wool":10,"minecraft:torch":2,"minecraft:warped_wart_block":165,"minecraft:dirt":750,"minecraft:sand":78,"minecraft:red_nether_brick_slab":3,"minecraft:white_carpet":6,"minecraft:oak_slab":13,"minecraft:crafting_table":2,"minecraft:nether_quartz_ore":13,"minecraft:crimson_trapdoor":4,"minecraft:spruce_stairs":12,"minecraft:twisting_vines":5,"minecraft:crimson_hyphae":6,"minecraft:nether_brick_slab":7,"minecraft:campfire":4,"minecraft:fire_coral":1,"minecraft:spruce_fence":25,"minecraft:nether_brick_stairs":2,"minecraft:obsidian":22,"minecraft:nether_gold_ore":21,"minecraft:oak_log":219,"minecraft:wooden_hoe":55,"minecraft:lava_bucket":47,"minecraft:warped_trapdoor":3,"minecraft:coal_ore":9,"minecraft:crying_obsidian":5,"minecraft:green_wool":29,"minecraft:warped_hyphae":6,"minecraft:nether_sprouts":23,"minecraft:grass_block":733,"minecraft:iron_axe":6,"minecraft:warped_slab":5,"minecraft:brick_stairs":8,"minecraft:warped_fence":73,"minecraft:stone_button":7,"minecraft:crimson_slab":3,"minecraft:warped_nylium":153,"minecraft:crimson_roots":3,"minecraft:gravel":19,"minecraft:barrel":5,"minecraft:crimson_nylium":17,"minecraft:stone_bricks":36,"minecraft:bamboo":19,"minecraft:green_carpet":14,"minecraft:crimson_fungus":3,"minecraft:cobblestone":60,"minecraft:warped_stairs":13,"minecraft:warped_fungus":6,"minecraft:hay_block":22,"minecraft:crimson_stairs":6,"minecraft:beetroot_seeds":13,"minecraft:chain":1,"minecraft:end_portal_frame":13,"minecraft:acacia_planks":29,"minecraft:bone_meal":13,"minecraft:horn_coral_fan":3,"minecraft:cobweb":12}},"DataVersion":2586}