{"stats":{"minecraft:dropped":{"minecraft:stone_sword":1,"minecraft:cobblestone":2,"minecraft:wooden_pickaxe":1},"minecraft:killed_by":{"minecraft:player":3},"minecraft:mined":{"minecraft:fire":1,"minecraft:grass_block":11,"minecraft:shroomlight":8,"minecraft:sand":3,"minecraft:dirt":66,"minecraft:nether_quartz_ore":1,"minecraft:cobblestone":3,"minecraft:stone":3,"minecraft:oak_leaves":55,"minecraft:warped_wart_block":6},"minecraft:killed":{"minecraft:zombie":1,"minecraft:enderman":1},"minecraft:used":{"minecraft:stone_sword":5,"minecraft:stone_pickaxe":22,"minecraft:netherrack":1,"minecraft:dirt":64,"minecraft:warped_wart_block":1,"minecraft:cobblestone":15,"minecraft:oak_sapling":1},"minecraft:crafted":{"minecraft:stone_pickaxe":2,"minecraft:stone_sword":1},"minecraft:custom":{"minecraft:time_since_rest":6237,"minecraft:sprint_one_cm":42162,"minecraft:damage_taken":1354,"minecraft:walk_one_cm":171316,"minecraft:mob_kills":2,"minecraft:drop":4,"minecraft:damage_dealt":607,"minecraft:interact_with_crafting_table":9,"minecraft:fly_one_cm":72322,"minecraft:open_chest":34,"minecraft:crouch_one_cm":25815,"minecraft:play_one_minute":68526,"minecraft:deaths":5,"minecraft:sneak_time":9021,"minecraft:jump":779,"minecraft:interact_with_grindstone":2,"minecraft:leave_game":2,"minecraft:walk_on_water_one_cm":2455,"minecraft:time_since_death":6207,"minecraft:climb_one_cm":1475,"minecraft:fall_one_cm":18879},"minecraft:picked_up":{"minecraft:stick":7,"minecraft:quartz":1,"minecraft:warped_wart_block":5,"minecraft:sand":3,"minecraft:dirt":67,"minecraft:stone_sword":1,"minecraft:shroomlight":9,"minecraft:rotten_flesh":4,"minecraft:wheat_seeds":2,"minecraft:iron_ingot":1,"minecraft:oak_sapling":1,"minecraft:netherrack":7,"minecraft:warped_nylium":1,"minecraft:egg":1,"minecraft:cobblestone":6,"minecraft:ender_pearl":1}},"DataVersion":2586}