{"stats":{"minecraft:mined":{"minecraft:repeater":2,"minecraft:redstone_wire":4},"minecraft:custom":{"minecraft:jump":383,"minecraft:time_since_rest":8892,"minecraft:damage_dealt":70,"minecraft:crouch_one_cm":2255,"minecraft:play_one_minute":13847,"minecraft:deaths":3,"minecraft:sprint_one_cm":33279,"minecraft:damage_taken":724,"minecraft:time_since_death":8888,"minecraft:walk_one_cm":36360,"minecraft:sneak_time":1017,"minecraft:fall_one_cm":23994,"minecraft:fly_one_cm":42619},"minecraft:killed_by":{"minecraft:player":1}},"DataVersion":2586}