{"stats":{"minecraft:dropped":{"minecraft:stone_sword":1,"minecraft:wooden_pickaxe":1},"minecraft:killed_by":{"minecraft:player":3},"minecraft:mined":{"minecraft:fire":1,"minecraft:shroomlight":8,"minecraft:nether_quartz_ore":1,"minecraft:cobblestone":3,"minecraft:warped_wart_block":6},"minecraft:killed":{"minecraft:zombie":1,"minecraft:enderman":1},"minecraft:used":{"minecraft:stone_sword":5,"minecraft:stone_pickaxe":19,"minecraft:netherrack":1,"minecraft:warped_wart_block":1,"minecraft:cobblestone":11},"minecraft:crafted":{"minecraft:stone_pickaxe":2,"minecraft:stone_sword":1},"minecraft:custom":{"minecraft:time_since_rest":31347,"minecraft:sprint_one_cm":28694,"minecraft:damage_taken":1019,"minecraft:walk_one_cm":115843,"minecraft:mob_kills":2,"minecraft:drop":2,"minecraft:damage_dealt":542,"minecraft:interact_with_crafting_table":7,"minecraft:fly_one_cm":45081,"minecraft:open_chest":12,"minecraft:crouch_one_cm":3230,"minecraft:play_one_minute":44526,"minecraft:deaths":3,"minecraft:sneak_time":1634,"minecraft:jump":502,"minecraft:interact_with_grindstone":1,"minecraft:leave_game":2,"minecraft:walk_on_water_one_cm":819,"minecraft:time_since_death":31257,"minecraft:climb_one_cm":320,"minecraft:fall_one_cm":13326},"minecraft:picked_up":{"minecraft:stick":5,"minecraft:quartz":1,"minecraft:warped_wart_block":5,"minecraft:stone_sword":1,"minecraft:shroomlight":9,"minecraft:rotten_flesh":4,"minecraft:iron_ingot":1,"minecraft:netherrack":1,"minecraft:warped_nylium":1,"minecraft:cobblestone":3,"minecraft:ender_pearl":1}},"DataVersion":2586}