{"stats":{"minecraft:dropped":{"minecraft:stone_sword":1,"minecraft:cobblestone":2,"minecraft:wooden_pickaxe":1},"minecraft:killed_by":{"minecraft:player":3},"minecraft:killed":{"minecraft:zombie":1,"minecraft:enderman":1},"minecraft:mined":{"minecraft:oak_sapling":1,"minecraft:fire":1,"minecraft:grass_block":13,"minecraft:shroomlight":8,"minecraft:sand":3,"minecraft:dirt":77,"minecraft:nether_quartz_ore":1,"minecraft:cobblestone":3,"minecraft:stone":3,"minecraft:netherrack":5,"minecraft:oak_leaves":254,"minecraft:warped_wart_block":6},"minecraft:used":{"minecraft:stone_sword":5,"minecraft:stone_pickaxe":27,"minecraft:netherrack":76,"minecraft:dirt":73,"minecraft:warped_wart_block":1,"minecraft:cobblestone":15,"minecraft:oak_sapling":9},"minecraft:crafted":{"minecraft:stone_pickaxe":2,"minecraft:stone_sword":1},"minecraft:custom":{"minecraft:time_since_rest":18237,"minecraft:sprint_one_cm":44026,"minecraft:damage_taken":1364,"minecraft:walk_one_cm":191457,"minecraft:mob_kills":2,"minecraft:drop":4,"minecraft:damage_dealt":607,"minecraft:interact_with_crafting_table":9,"minecraft:fly_one_cm":73492,"minecraft:open_chest":35,"minecraft:crouch_one_cm":49073,"minecraft:play_one_minute":80526,"minecraft:deaths":5,"minecraft:sneak_time":17146,"minecraft:jump":833,"minecraft:interact_with_grindstone":2,"minecraft:leave_game":2,"minecraft:walk_on_water_one_cm":2455,"minecraft:time_since_death":18207,"minecraft:climb_one_cm":1475,"minecraft:fall_one_cm":19901},"minecraft:picked_up":{"minecraft:stick":15,"minecraft:quartz":1,"minecraft:warped_wart_block":5,"minecraft:sand":3,"minecraft:dirt":84,"minecraft:apple":1,"minecraft:stone_sword":1,"minecraft:shroomlight":9,"minecraft:rotten_flesh":4,"minecraft:wheat_seeds":3,"minecraft:iron_ingot":1,"minecraft:oak_sapling":11,"minecraft:netherrack":86,"minecraft:warped_nylium":1,"minecraft:egg":1,"minecraft:cobblestone":8,"minecraft:ender_pearl":1}},"DataVersion":2586}