{"stats":{"minecraft:dropped":{"minecraft:wooden_pickaxe":1,"minecraft:stone_sword":1},"minecraft:killed_by":{"minecraft:player":3},"minecraft:mined":{"minecraft:nether_quartz_ore":1,"minecraft:fire":1,"minecraft:cobblestone":1},"minecraft:killed":{"minecraft:zombie":1},"minecraft:used":{"minecraft:stone_sword":3,"minecraft:cobblestone":2,"minecraft:stone_pickaxe":14},"minecraft:crafted":{"minecraft:stone_sword":1,"minecraft:stone_pickaxe":2},"minecraft:custom":{"minecraft:open_chest":7,"minecraft:time_since_rest":13347,"minecraft:play_one_minute":26526,"minecraft:crouch_one_cm":101,"minecraft:damage_taken":859,"minecraft:sprint_one_cm":11429,"minecraft:deaths":3,"minecraft:walk_one_cm":29621,"minecraft:sneak_time":715,"minecraft:mob_kills":1,"minecraft:drop":2,"minecraft:jump":144,"minecraft:damage_dealt":452,"minecraft:leave_game":2,"minecraft:time_since_death":13257,"minecraft:walk_on_water_one_cm":754,"minecraft:interact_with_crafting_table":6,"minecraft:fall_one_cm":2351,"minecraft:fly_one_cm":16386},"minecraft:picked_up":{"minecraft:stick":5,"minecraft:stone_sword":1,"minecraft:rotten_flesh":4,"minecraft:quartz":1,"minecraft:iron_ingot":1}},"DataVersion":2586}