{"stats":{"minecraft:dropped":{"minecraft:wooden_pickaxe":1},"minecraft:killed_by":{"minecraft:player":3},"minecraft:mined":{"minecraft:fire":1,"minecraft:cobblestone":1},"minecraft:used":{"minecraft:stone_pickaxe":11},"minecraft:custom":{"minecraft:time_since_rest":2625,"minecraft:open_chest":5,"minecraft:play_one_minute":15804,"minecraft:sprint_one_cm":4106,"minecraft:damage_taken":839,"minecraft:deaths":3,"minecraft:walk_one_cm":17094,"minecraft:sneak_time":14,"minecraft:drop":1,"minecraft:jump":99,"minecraft:damage_dealt":291,"minecraft:leave_game":1,"minecraft:walk_on_water_one_cm":754,"minecraft:time_since_death":2535,"minecraft:interact_with_crafting_table":5,"minecraft:fall_one_cm":1033,"minecraft:fly_one_cm":9913},"minecraft:crafted":{"minecraft:stone_sword":1,"minecraft:stone_pickaxe":2},"minecraft:picked_up":{"minecraft:stick":5,"minecraft:rotten_flesh":2,"minecraft:iron_ingot":1}},"DataVersion":2586}