{"stats":{"minecraft:dropped":{"minecraft:stone_sword":1,"minecraft:wooden_pickaxe":1},"minecraft:killed_by":{"minecraft:player":3},"minecraft:mined":{"minecraft:fire":1,"minecraft:grass_block":10,"minecraft:shroomlight":8,"minecraft:dirt":28,"minecraft:nether_quartz_ore":1,"minecraft:cobblestone":3,"minecraft:warped_wart_block":6},"minecraft:killed":{"minecraft:zombie":1,"minecraft:enderman":1},"minecraft:used":{"minecraft:stone_sword":5,"minecraft:stone_pickaxe":19,"minecraft:netherrack":1,"minecraft:dirt":32,"minecraft:warped_wart_block":1,"minecraft:cobblestone":11},"minecraft:crafted":{"minecraft:stone_pickaxe":2,"minecraft:stone_sword":1},"minecraft:custom":{"minecraft:time_since_rest":10523,"minecraft:sprint_one_cm":30944,"minecraft:damage_taken":1074,"minecraft:walk_one_cm":143485,"minecraft:mob_kills":2,"minecraft:drop":2,"minecraft:damage_dealt":607,"minecraft:interact_with_crafting_table":8,"minecraft:fly_one_cm":46907,"minecraft:open_chest":23,"minecraft:crouch_one_cm":14654,"minecraft:play_one_minute":56526,"minecraft:deaths":4,"minecraft:sneak_time":4859,"minecraft:jump":615,"minecraft:interact_with_grindstone":2,"minecraft:leave_game":2,"minecraft:walk_on_water_one_cm":1366,"minecraft:time_since_death":10495,"minecraft:climb_one_cm":320,"minecraft:fall_one_cm":15424},"minecraft:picked_up":{"minecraft:stick":5,"minecraft:quartz":1,"minecraft:warped_wart_block":5,"minecraft:dirt":32,"minecraft:stone_sword":1,"minecraft:shroomlight":9,"minecraft:rotten_flesh":4,"minecraft:wheat_seeds":1,"minecraft:iron_ingot":1,"minecraft:netherrack":1,"minecraft:warped_nylium":1,"minecraft:cobblestone":3,"minecraft:ender_pearl":1}},"DataVersion":2586}