{"stats":{"minecraft:dropped":{"minecraft:stone_sword":1,"minecraft:cobblestone":2,"minecraft:wooden_pickaxe":1},"minecraft:killed_by":{"minecraft:player":3},"minecraft:killed":{"minecraft:zombie":1,"minecraft:enderman":1},"minecraft:mined":{"minecraft:nether_gold_ore":5,"minecraft:brown_mushroom":3,"minecraft:oak_sapling":1,"minecraft:fire":5,"minecraft:grass_block":13,"minecraft:shroomlight":8,"minecraft:sand":10,"minecraft:dirt":78,"minecraft:nether_quartz_ore":8,"minecraft:cobblestone":4,"minecraft:stone":3,"minecraft:netherrack":126,"minecraft:red_mushroom":5,"minecraft:oak_leaves":267,"minecraft:warped_wart_block":6},"minecraft:used":{"minecraft:wheat_seeds":1,"minecraft:wooden_hoe":2,"minecraft:stone_sword":6,"minecraft:warped_slab":1,"minecraft:stone_pickaxe":161,"minecraft:netherrack":181,"minecraft:dirt":74,"minecraft:warped_wart_block":1,"minecraft:cobblestone":15,"minecraft:oak_sapling":10},"minecraft:crafted":{"minecraft:stone_pickaxe":4,"minecraft:stone_sword":2},"minecraft:custom":{"minecraft:time_since_rest":19409,"minecraft:sprint_one_cm":77694,"minecraft:damage_taken":1504,"minecraft:walk_one_cm":253152,"minecraft:mob_kills":2,"minecraft:drop":4,"minecraft:damage_dealt":685,"minecraft:interact_with_crafting_table":14,"minecraft:fly_one_cm":121032,"minecraft:open_chest":68,"minecraft:crouch_one_cm":67757,"minecraft:play_one_minute":104541,"minecraft:deaths":6,"minecraft:sneak_time":23342,"minecraft:jump":1238,"minecraft:interact_with_grindstone":2,"minecraft:leave_game":3,"minecraft:walk_on_water_one_cm":3352,"minecraft:time_since_death":19365,"minecraft:climb_one_cm":1475,"minecraft:fall_one_cm":26107},"minecraft:picked_up":{"minecraft:stick":19,"minecraft:brown_mushroom":3,"minecraft:quartz":8,"minecraft:warped_wart_block":5,"minecraft:red_mushroom":5,"minecraft:sand":9,"minecraft:cornflower":1,"minecraft:dirt":87,"minecraft:apple":1,"minecraft:stone_sword":1,"minecraft:shroomlight":9,"minecraft:rotten_flesh":4,"minecraft:gold_nugget":22,"minecraft:wheat_seeds":3,"minecraft:iron_ingot":1,"minecraft:warped_slab":1,"minecraft:oak_sapling":12,"minecraft:netherrack":205,"minecraft:warped_nylium":1,"minecraft:egg":1,"minecraft:cobblestone":37,"minecraft:ender_pearl":1},"minecraft:broken":{"minecraft:stone_pickaxe":1}},"DataVersion":2586}